"Date","Price","Open","High","Low","Vol.","Change %"
"Dec 30, 2020","52.00","53.25","53.75","51.75","7.18M","-2.35%"
"Dec 29, 2020","53.25","51.50","53.25","51.25","9.66M","3.90%"
"Dec 28, 2020","51.25","54.25","54.75","51.25","11.99M","-5.09%"
"Dec 25, 2020","54.00","52.75","54.00","52.50","8.69M","3.35%"
"Dec 24, 2020","52.25","52.25","53.00","51.50","8.88M","1.46%"
"Dec 23, 2020","51.50","53.00","53.50","51.25","10.23M","-2.83%"
"Dec 22, 2020","53.00","52.25","53.25","51.25","15.04M","0.95%"
"Dec 21, 2020","52.50","52.00","53.50","51.50","23.83M","-4.11%"
"Dec 18, 2020","54.75","54.00","55.25","53.75","20.06M","0.92%"
"Dec 17, 2020","54.25","54.25","55.00","54.25","8.45M","0.46%"
"Dec 16, 2020","54.00","55.25","55.25","53.25","14.86M","-0.46%"
"Dec 15, 2020","54.25","53.75","54.25","52.25","21.96M","0.00%"
"Dec 14, 2020","54.25","55.25","55.50","54.00","12.54M","-2.25%"
"Dec 09, 2020","55.50","54.75","55.75","54.25","27.89M","4.23%"
"Dec 08, 2020","53.25","52.50","54.00","51.25","23.69M","2.40%"
"Dec 04, 2020","52.00","52.00","52.50","51.25","13.83M","0.48%"
"Dec 03, 2020","51.75","50.00","51.75","49.75","17.56M","4.02%"
"Dec 02, 2020","49.75","49.00","50.00","48.50","19.57M","0.51%"
"Dec 01, 2020","49.50","48.00","50.25","47.75","17.43M","4.21%"
"Nov 30, 2020","47.50","48.75","49.25","47.50","25.40M","-4.52%"
"Nov 27, 2020","49.75","50.50","51.00","49.50","17.65M","-2.93%"
"Nov 26, 2020","51.25","51.25","51.50","50.50","17.22M","0.99%"
"Nov 25, 2020","50.75","50.75","51.00","49.50","23.27M","4.10%"
"Nov 24, 2020","48.75","50.25","50.75","48.50","19.84M","-1.52%"
"Nov 23, 2020","49.50","48.75","49.75","48.75","14.22M","1.54%"
"Nov 20, 2020","48.75","48.25","48.75","47.50","12.58M","0.52%"
"Nov 19, 2020","48.50","47.25","49.00","47.00","18.18M","2.11%"
"Nov 18, 2020","47.50","46.75","47.50","46.25","10.36M","1.60%"
"Nov 17, 2020","46.75","47.25","47.75","46.25","19.51M","0.54%"
"Nov 16, 2020","46.50","46.00","47.00","46.00","22.54M","3.91%"
"Nov 13, 2020","44.75","43.50","45.00","43.25","11.30M","1.13%"
"Nov 12, 2020","44.25","44.50","44.75","44.00","9.92M","-2.21%"
"Nov 11, 2020","45.25","45.25","46.00","43.25","29.55M","0.56%"
"Nov 10, 2020","45.00","43.75","45.00","42.50","61.23M","16.88%"
"Nov 09, 2020","38.50","38.00","38.75","37.50","17.41M","4.05%"
"Nov 06, 2020","37.00","37.00","37.75","36.75","13.67M","0.68%"
"Nov 05, 2020","36.75","35.75","37.25","35.50","15.19M","3.52%"
"Nov 04, 2020","35.50","35.75","35.75","34.75","8.48M","-0.70%"
"Nov 03, 2020","35.75","34.50","36.00","34.50","14.43M","4.38%"
"Nov 02, 2020","34.25","34.50","34.50","33.50","7.07M","0.00%"
"Oct 30, 2020","34.25","34.50","34.50","33.25","7.61M","-0.72%"
"Oct 29, 2020","34.50","33.00","34.50","32.75","8.58M","2.22%"
"Oct 28, 2020","33.75","34.25","35.25","33.50","10.73M","-1.46%"
"Oct 27, 2020","34.25","35.00","35.50","33.75","19.43M","-3.52%"
"Oct 26, 2020","35.50","36.25","36.50","35.25","4.20M","-2.07%"
"Oct 22, 2020","36.25","35.00","36.50","34.75","8.21M","2.84%"
"Oct 21, 2020","35.25","34.75","35.75","34.50","5.62M","1.44%"
"Oct 20, 2020","34.75","34.50","35.00","33.75","5.64M","0.72%"
"Oct 19, 2020","34.50","35.00","35.25","34.50","6.09M","-2.82%"
"Oct 16, 2020","35.50","36.50","36.50","35.25","6.77M","-1.39%"
"Oct 15, 2020","36.00","35.75","37.50","35.75","18.52M","0.00%"
"Oct 14, 2020","36.00","36.50","36.75","35.50","6.83M","-1.37%"
"Oct 12, 2020","36.50","35.75","36.50","35.50","6.83M","2.82%"
"Oct 09, 2020","35.50","36.75","37.00","35.25","10.90M","-2.74%"
"Oct 08, 2020","36.50","36.75","37.00","36.00","12.87M","2.82%"
"Oct 07, 2020","35.50","35.50","36.25","34.75","13.03M","-0.70%"
"Oct 06, 2020","35.75","34.50","36.00","34.00","27.40M","8.33%"
"Oct 05, 2020","33.00","32.50","33.50","32.25","8.85M","2.33%"
"Oct 02, 2020","32.25","32.75","33.00","32.00","10.29M","-3.73%"
"Oct 01, 2020","33.50","32.25","33.50","31.75","12.14M","4.69%"
"Sep 30, 2020","32.00","32.25","32.75","31.75","6.36M","-0.78%"
"Sep 29, 2020","32.25","33.25","33.50","32.00","10.16M","-2.27%"
"Sep 28, 2020","33.00","32.50","33.25","32.25","10.04M","2.33%"
"Sep 25, 2020","32.25","33.50","33.75","31.75","16.11M","-2.27%"
"Sep 24, 2020","33.00","34.25","34.75","32.50","25.00M","-5.04%"
"Sep 23, 2020","34.75","35.75","35.75","34.50","10.73M","-2.80%"
"Sep 22, 2020","35.75","37.25","37.25","35.25","16.46M","-4.67%"
"Sep 21, 2020","37.50","38.25","38.25","37.00","10.74M","-3.23%"
"Sep 18, 2020","38.75","38.50","38.75","37.75","5.37M","1.31%"
"Sep 17, 2020","38.25","38.50","39.00","38.00","5.66M","-1.92%"
"Sep 16, 2020","39.00","38.75","39.00","38.25","9.59M","1.96%"
"Sep 15, 2020","38.25","37.50","38.50","37.50","5.01M","2.00%"
"Sep 14, 2020","37.50","38.25","38.25","37.50","4.68M","-1.32%"
"Sep 11, 2020","38.00","38.00","38.50","37.50","4.25M","-0.65%"
"Sep 10, 2020","38.25","39.00","39.25","37.75","4.45M","-1.29%"
"Sep 09, 2020","38.75","37.00","39.00","37.00","11.66M","2.65%"
"Sep 08, 2020","37.75","38.75","39.00","37.50","14.65M","-3.82%"
"Sep 03, 2020","39.25","40.00","40.00","39.00","9.23M","-1.88%"
"Sep 02, 2020","40.00","40.50","40.75","39.50","13.37M","0.00%"
"Sep 01, 2020","40.00","41.75","41.75","39.50","22.74M","-3.61%"
"Aug 31, 2020","41.50","42.75","43.00","41.50","10.12M","-2.35%"
"Aug 28, 2020","42.50","43.00","43.25","42.00","8.66M","-1.16%"
"Aug 27, 2020","43.00","43.00","43.75","42.75","9.98M","0.00%"
"Aug 26, 2020","43.00","43.25","43.50","42.75","10.72M","0.58%"
"Aug 25, 2020","42.75","42.25","43.25","42.25","12.62M","1.79%"
"Aug 24, 2020","42.00","41.50","42.25","41.25","10.93M","1.82%"
"Aug 21, 2020","41.25","42.75","43.25","40.75","21.79M","-2.37%"
"Aug 20, 2020","42.25","41.75","42.50","41.50","7.02M","0.60%"
"Aug 19, 2020","42.00","42.75","42.75","41.75","10.67M","-1.75%"
"Aug 18, 2020","42.75","42.25","43.00","42.00","6.55M","1.18%"
"Aug 17, 2020","42.25","42.50","43.00","41.75","6.76M","0.00%"
"Aug 14, 2020","42.25","42.50","42.75","42.00","10.03M","-1.74%"
"Aug 13, 2020","43.00","42.50","43.50","42.25","13.59M","2.99%"
"Aug 11, 2020","41.75","43.25","43.50","41.75","22.63M","-2.34%"
"Aug 10, 2020","42.75","43.50","43.75","42.50","12.27M","-2.29%"
"Aug 07, 2020","43.75","44.00","44.50","43.00","10.10M","-1.13%"
"Aug 06, 2020","44.25","45.00","45.25","44.00","16.73M","-0.56%"
"Aug 05, 2020","44.50","42.00","44.75","41.75","28.74M","7.23%"
"Aug 04, 2020","41.50","42.25","42.50","41.50","7.71M","0.00%"
"Aug 03, 2020","41.50","42.00","42.25","41.00","9.27M","-1.19%"
"Jul 31, 2020","42.00","41.25","42.50","40.00","17.17M","2.44%"
"Jul 30, 2020","41.00","43.25","43.50","41.00","16.51M","-4.65%"
"Jul 29, 2020","43.00","43.00","43.50","42.50","8.18M","-0.58%"
"Jul 24, 2020","43.25","43.50","43.75","43.00","7.09M","-2.26%"
"Jul 23, 2020","44.25","43.50","44.25","43.25","6.53M","2.31%"
"Jul 22, 2020","43.25","45.50","45.50","43.25","18.85M","-3.89%"
"Jul 21, 2020","45.00","43.75","45.25","43.50","21.45M","3.45%"
"Jul 20, 2020","43.50","42.75","43.50","42.25","9.41M","1.16%"
"Jul 17, 2020","43.00","42.75","43.00","42.00","9.75M","1.18%"
"Jul 16, 2020","42.50","43.25","43.25","42.00","12.81M","-1.73%"
"Jul 15, 2020","43.25","43.00","43.25","41.75","20.03M","2.37%"
"Jul 14, 2020","42.25","41.50","42.25","40.75","16.91M","0.60%"
"Jul 13, 2020","42.00","43.50","44.00","42.00","18.44M","-1.75%"
"Jul 10, 2020","42.75","42.75","43.00","42.00","20.12M","-1.16%"
"Jul 09, 2020","43.25","44.25","44.50","43.00","25.31M","-2.81%"
"Jul 08, 2020","44.50","46.50","46.75","44.00","24.33M","-5.32%"
"Jul 07, 2020","47.00","47.50","48.00","46.75","17.09M","1.08%"
"Jul 03, 2020","46.50","47.00","47.50","46.25","14.30M","-0.53%"
"Jul 02, 2020","46.75","45.50","46.75","45.25","17.38M","2.19%"
"Jul 01, 2020","45.75","44.75","46.00","43.75","19.11M","3.39%"
"Jun 30, 2020","44.25","43.75","45.00","43.25","23.82M","3.51%"
"Jun 29, 2020","42.75","42.50","42.75","41.75","10.23M","0.00%"
"Jun 26, 2020","42.75","43.50","44.00","42.50","6.46M","-1.16%"
"Jun 25, 2020","43.25","42.25","43.25","42.00","16.27M","-1.14%"
"Jun 24, 2020","43.75","45.75","46.25","43.50","12.95M","-4.37%"
"Jun 23, 2020","45.75","46.25","46.50","45.50","8.11M","0.00%"
"Jun 22, 2020","45.75","46.00","46.75","45.00","13.03M","-1.08%"
"Jun 19, 2020","46.25","46.50","46.75","45.50","20.40M","1.09%"
"Jun 18, 2020","45.75","44.00","46.50","43.75","16.57M","1.67%"
"Jun 17, 2020","45.00","43.50","45.50","43.25","19.08M","2.86%"
"Jun 16, 2020","43.75","43.75","44.50","43.00","31.87M","4.79%"
"Jun 15, 2020","41.75","43.50","43.75","41.25","30.48M","-6.18%"
"Jun 12, 2020","44.50","43.75","44.75","43.00","34.23M","-3.26%"
"Jun 11, 2020","46.00","47.00","47.75","45.25","20.22M","-2.65%"
"Jun 10, 2020","47.25","47.00","47.75","46.50","16.04M","1.61%"
"Jun 09, 2020","46.50","48.25","49.25","46.50","34.34M","-5.10%"
"Jun 08, 2020","49.00","51.25","52.50","48.25","58.41M","-2.97%"
"Jun 05, 2020","50.50","47.25","51.00","46.50","48.73M","6.88%"
"Jun 04, 2020","47.25","47.25","47.75","46.50","28.43M","1.07%"
"Jun 02, 2020","46.75","45.00","46.75","44.75","28.08M","5.06%"
"Jun 01, 2020","44.50","44.00","45.25","44.00","22.28M","3.49%"
"May 29, 2020","43.00","43.50","43.75","42.75","15.19M","-1.71%"
"May 28, 2020","43.75","45.00","45.00","43.50","21.30M","-3.31%"
"May 27, 2020","45.25","45.50","45.75","44.50","8.96M","0.00%"
"May 26, 2020","45.25","45.75","46.25","45.25","12.31M","0.00%"
"May 25, 2020","45.25","45.00","45.50","43.50","14.61M","0.56%"
"May 22, 2020","45.00","46.00","46.25","43.75","26.17M","-4.76%"
"May 21, 2020","47.25","47.50","47.75","46.25","15.08M","1.61%"
"May 20, 2020","46.50","46.25","46.50","45.75","7.84M","0.54%"
"May 19, 2020","46.25","45.50","46.75","45.25","25.10M","5.11%"
"May 18, 2020","44.00","44.25","44.75","43.50","18.63M","2.33%"
"May 15, 2020","43.00","42.00","44.00","41.50","16.00M","4.24%"
"May 14, 2020","41.25","41.75","42.00","41.00","10.04M","-2.37%"
"May 13, 2020","42.25","43.50","44.00","41.50","20.04M","-3.43%"
"May 12, 2020","43.75","43.00","44.25","43.00","13.87M","1.16%"
"May 11, 2020","43.25","43.75","44.00","42.25","23.87M","0.00%"
"May 08, 2020","43.25","41.25","43.25","41.00","15.07M","6.13%"
"May 07, 2020","40.75","40.75","42.00","40.50","16.18M","0.62%"
"May 05, 2020","40.50","40.25","41.50","39.50","15.19M","-1.22%"
"Apr 30, 2020","41.00","40.25","41.50","40.25","25.50M","4.46%"
"Apr 29, 2020","39.25","39.00","39.50","38.50","9.85M","1.95%"
"Apr 28, 2020","38.50","38.25","39.00","37.75","14.09M","-0.65%"
"Apr 27, 2020","38.75","40.50","40.50","38.50","14.76M","-1.90%"
"Apr 24, 2020","39.50","41.25","41.75","39.25","19.40M","-3.66%"
"Apr 23, 2020","41.00","41.00","42.00","40.50","29.76M","1.86%"
"Apr 22, 2020","40.25","38.50","40.75","37.50","21.18M","2.55%"
"Apr 21, 2020","39.25","38.00","40.00","37.25","31.43M","1.29%"
"Apr 20, 2020","38.75","38.00","39.00","37.50","14.05M","1.97%"
"Apr 17, 2020","38.00","38.25","38.50","37.25","13.38M","3.40%"
"Apr 16, 2020","36.75","38.50","38.75","36.75","17.99M","-5.77%"
"Apr 15, 2020","39.00","38.50","39.75","37.75","40.31M","1.96%"
"Apr 14, 2020","38.25","37.25","38.75","36.75","55.21M","9.29%"
"Apr 13, 2020","35.00","35.00","35.75","34.25","21.32M","0.72%"
"Apr 10, 2020","34.75","34.50","35.25","33.50","41.54M","-2.11%"
"Apr 09, 2020","35.50","37.75","37.75","35.00","33.26M","-2.74%"
"Apr 08, 2020","36.50","37.50","38.00","36.00","21.11M","-6.41%"
"Apr 07, 2020","39.00","39.75","39.75","38.00","26.43M","6.12%"
"Apr 03, 2020","36.75","37.00","38.50","35.50","47.87M","3.52%"
"Apr 02, 2020","35.50","32.00","35.50","31.75","48.47M","14.52%"
"Apr 01, 2020","31.00","30.50","33.25","30.50","36.73M","0.81%"
"Mar 31, 2020","30.75","29.75","30.75","29.50","27.98M","6.03%"
"Mar 30, 2020","29.00","28.75","29.25","28.25","14.20M","-2.52%"
"Mar 27, 2020","29.75","31.00","31.25","29.25","19.55M","-1.65%"
"Mar 26, 2020","30.25","30.00","31.25","29.50","26.71M","-0.82%"
"Mar 25, 2020","30.50","29.50","31.00","29.00","36.84M","7.96%"
"Mar 24, 2020","28.25","28.25","29.25","27.00","27.85M","4.63%"
"Mar 23, 2020","27.00","27.00","28.50","26.50","23.18M","-10.74%"
"Mar 20, 2020","30.25","29.75","31.50","29.00","48.69M","10.00%"
"Mar 19, 2020","27.50","26.75","28.00","25.25","32.75M","-2.65%"
"Mar 18, 2020","28.25","29.25","30.75","28.00","23.21M","-1.74%"
"Mar 17, 2020","28.75","30.75","31.75","28.75","33.61M","-5.74%"
"Mar 16, 2020","30.50","32.50","34.50","30.50","19.13M","-13.48%"
"Mar 13, 2020","35.25","30.00","36.50","28.00","37.68M","7.63%"
"Mar 12, 2020","32.75","34.00","34.75","32.25","31.74M","-10.88%"
"Mar 11, 2020","36.75","35.50","37.25","34.75","35.37M","5.00%"
"Mar 10, 2020","35.00","34.75","35.50","34.00","35.35M","6.87%"
"Mar 09, 2020","32.75","30.00","37.50","30.00","67.98M","-21.56%"
"Mar 06, 2020","41.75","43.25","43.25","41.50","27.08M","-6.70%"
"Mar 05, 2020","44.75","46.00","46.50","44.50","18.37M","-1.10%"
"Mar 04, 2020","45.25","44.50","45.50","43.75","14.23M","0.00%"
"Mar 03, 2020","45.25","43.00","45.50","43.00","23.71M","9.70%"
"Mar 02, 2020","41.25","44.00","44.00","40.50","17.08M","-4.62%"
"Feb 28, 2020","43.25","42.50","44.50","42.25","16.27M","-3.35%"
"Feb 27, 2020","44.75","44.75","45.00","43.00","20.52M","-0.56%"
"Feb 26, 2020","45.00","46.50","47.00","45.00","14.86M","-5.26%"
"Feb 25, 2020","47.50","47.00","48.25","45.50","25.04M","1.06%"
"Feb 24, 2020","47.00","49.75","49.75","46.75","31.84M","-8.74%"
"Feb 21, 2020","51.50","51.50","52.00","51.25","8.06M","-0.48%"
"Feb 20, 2020","51.75","53.00","53.25","51.75","13.98M","-0.96%"
"Feb 19, 2020","52.25","52.50","53.25","52.00","8.63M","0.48%"
"Feb 18, 2020","52.00","53.25","53.50","51.75","11.91M","-2.80%"
"Feb 17, 2020","53.50","53.50","54.25","53.00","6.68M","0.47%"
"Feb 14, 2020","53.25","54.75","54.75","53.25","6.10M","-1.84%"
"Feb 13, 2020","54.25","54.25","55.25","53.75","9.12M","0.00%"
"Feb 12, 2020","54.25","53.25","54.50","53.25","11.95M","2.84%"
"Feb 11, 2020","52.75","55.25","55.25","52.25","21.23M","-4.52%"
"Feb 07, 2020","55.25","56.25","56.25","54.75","12.92M","-0.90%"
"Feb 06, 2020","55.75","55.50","56.25","54.75","17.09M","0.90%"
"Feb 05, 2020","55.25","54.00","55.50","52.50","23.19M","2.31%"
"Feb 04, 2020","54.00","52.00","54.25","51.75","24.87M","5.37%"
"Feb 03, 2020","51.25","51.50","52.25","50.50","8.34M","-1.44%"
"Jan 31, 2020","52.00","52.75","53.00","51.75","11.73M","-0.48%"
"Jan 30, 2020","52.25","52.50","53.00","51.75","12.17M","-1.88%"
"Jan 29, 2020","53.25","53.25","53.75","52.25","22.03M","3.90%"
"Jan 28, 2020","51.25","48.75","52.50","48.75","32.04M","5.67%"
"Jan 27, 2020","48.50","50.00","51.00","48.50","30.73M","-8.49%"
"Jan 24, 2020","53.00","54.75","55.25","53.00","18.43M","-2.75%"
"Jan 23, 2020","54.50","55.25","55.75","54.00","38.30M","-6.03%"
"Jan 22, 2020","58.00","60.75","61.00","57.50","30.55M","-4.53%"
"Jan 21, 2020","60.75","61.25","62.00","60.50","9.11M","-1.22%"
"Jan 20, 2020","61.50","62.50","63.00","61.50","8.98M","-1.60%"
"Jan 17, 2020","62.50","62.00","63.00","61.75","15.22M","1.21%"
"Jan 16, 2020","61.75","62.25","62.50","61.00","15.14M","0.00%"
"Jan 15, 2020","61.75","61.75","62.50","61.25","15.10M","0.82%"
"Jan 14, 2020","61.25","63.50","63.75","61.00","35.96M","-4.67%"
"Jan 13, 2020","64.25","66.75","67.00","63.75","27.37M","-3.38%"
"Jan 10, 2020","66.50","67.75","67.75","66.25","7.76M","-1.48%"
"Jan 09, 2020","67.50","68.00","69.00","66.25","17.30M","0.37%"
"Jan 08, 2020","67.25","69.00","69.50","66.50","17.78M","-3.93%"
"Jan 07, 2020","70.00","70.25","70.75","69.25","9.93M","0.00%"
"Jan 06, 2020","70.00","73.00","73.50","69.50","16.27M","-2.78%"
"Jan 03, 2020","72.00","71.00","72.00","70.25","10.29M","1.41%"
"Jan 02, 2020","71.00","70.00","72.00","69.25","12.34M","1.79%"
"Dec 30, 2019","69.75","70.00","70.00","68.75","2.95M","0.00%"
"Dec 27, 2019","69.75","70.25","70.50","69.25","5.25M","-0.36%"
"Dec 26, 2019","70.00","69.50","70.25","69.50","2.28M","0.72%"
"Dec 25, 2019","69.50","69.75","70.00","69.25","1.55M","0.00%"
"Dec 24, 2019","69.50","70.50","70.75","69.25","2.59M","-0.71%"
"Dec 23, 2019","70.00","68.25","70.00","68.00","8.64M","2.94%"
"Dec 20, 2019","68.00","67.75","68.50","67.25","5.88M","-0.37%"
"Dec 19, 2019","68.25","68.25","68.75","66.75","11.10M","-1.09%"
"Dec 18, 2019","69.00","68.00","69.00","67.75","7.00M","2.22%"
"Dec 17, 2019","67.50","68.00","68.75","66.75","8.18M","-0.74%"
"Dec 16, 2019","68.00","67.75","69.50","67.50","8.65M","0.74%"
"Dec 13, 2019","67.50","68.50","69.75","66.50","25.78M","3.85%"
"Dec 12, 2019","65.00","65.00","65.75","64.50","10.02M","0.78%"
"Dec 11, 2019","64.50","66.00","66.25","64.00","14.44M","-3.37%"
"Dec 09, 2019","66.75","67.00","67.25","66.00","3.77M","0.00%"
"Dec 06, 2019","66.75","68.25","68.75","66.50","7.49M","-1.84%"
"Dec 04, 2019","68.00","68.25","69.00","67.25","5.24M","-0.73%"
"Dec 03, 2019","68.50","68.00","69.75","68.00","4.14M","0.37%"
"Dec 02, 2019","68.25","69.00","69.00","67.50","2.99M","-1.09%"
"Nov 29, 2019","69.00","68.75","69.00","67.25","7.30M","0.00%"
"Nov 28, 2019","69.00","69.25","70.00","68.75","6.51M","-0.72%"
"Nov 27, 2019","69.50","69.25","70.75","69.25","7.28M","-1.42%"
"Nov 26, 2019","70.50","69.50","71.25","69.50","11.25M","1.44%"
"Nov 25, 2019","69.50","68.00","70.25","68.00","8.69M","2.58%"
"Nov 22, 2019","67.75","67.25","68.75","67.00","4.37M","1.12%"
"Nov 21, 2019","67.00","67.00","67.75","66.50","4.18M","-0.37%"
"Nov 20, 2019","67.25","67.50","67.75","66.25","6.50M","-1.10%"
"Nov 19, 2019","68.00","68.00","68.25","67.50","2.08M","-0.73%"
"Nov 18, 2019","68.50","67.50","68.75","67.50","5.11M","3.01%"
"Nov 15, 2019","66.50","68.25","68.75","65.50","11.88M","-2.92%"
"Nov 14, 2019","68.50","69.50","69.50","68.00","5.47M","-1.44%"
"Nov 13, 2019","69.50","69.50","70.00","69.25","6.20M","-0.71%"
"Nov 12, 2019","70.00","70.25","71.25","69.75","7.03M","-0.36%"
"Nov 11, 2019","70.25","71.25","71.75","69.50","10.27M","-3.44%"
"Nov 08, 2019","72.75","71.75","73.00","70.75","13.12M","1.04%"
"Nov 07, 2019","72.00","69.00","72.50","68.50","12.48M","5.11%"
"Nov 06, 2019","68.50","68.50","70.00","68.25","5.70M","0.00%"
"Nov 05, 2019","68.50","70.00","70.50","67.50","12.27M","-1.44%"
"Nov 04, 2019","69.50","68.50","69.75","68.50","6.23M","2.21%"
"Nov 01, 2019","68.00","68.00","68.75","67.75","5.80M","-0.73%"
"Oct 31, 2019","68.50","67.50","68.50","67.25","6.85M","1.48%"
"Oct 30, 2019","67.50","65.75","68.00","64.75","9.40M","3.85%"
"Oct 29, 2019","65.00","63.75","65.25","63.75","6.39M","1.96%"
"Oct 28, 2019","63.75","64.00","65.25","63.50","4.88M","0.00%"
"Oct 25, 2019","63.75","64.75","65.00","63.25","14.99M","-4.49%"
"Oct 24, 2019","66.75","68.00","68.50","66.50","5.86M","-1.11%"
"Oct 22, 2019","67.50","67.00","68.00","66.75","2.82M","1.12%"
"Oct 21, 2019","66.75","67.25","68.00","66.25","3.53M","-1.11%"
"Oct 18, 2019","67.50","67.50","68.25","67.50","5.56M","0.00%"
"Oct 17, 2019","67.50","68.50","68.75","64.75","22.31M","-1.82%"
"Oct 16, 2019","68.75","69.75","70.50","68.00","10.46M","-1.79%"
"Oct 15, 2019","70.00","70.25","71.00","69.25","8.70M","0.00%"
"Oct 11, 2019","70.00","69.75","70.75","68.75","8.67M","1.08%"
"Oct 10, 2019","69.25","69.75","70.00","69.25","3.75M","-0.36%"
"Oct 09, 2019","69.50","68.50","69.50","68.00","4.28M","1.09%"
"Oct 08, 2019","68.75","69.25","69.75","68.75","3.95M","0.00%"
"Oct 07, 2019","68.75","68.00","69.00","67.75","3.44M","1.85%"
"Oct 04, 2019","67.50","68.25","68.25","67.50","2.78M","0.00%"
"Oct 03, 2019","67.50","67.50","68.00","67.00","4.16M","-0.74%"
"Oct 02, 2019","68.00","68.00","68.25","67.25","6.48M","-0.37%"
"Oct 01, 2019","68.25","70.00","70.00","67.75","8.72M","-2.15%"
"Sep 30, 2019","69.75","69.50","70.50","69.50","4.26M","-0.36%"
"Sep 27, 2019","70.00","69.25","70.25","69.00","8.00M","1.08%"
"Sep 26, 2019","69.25","70.50","70.50","68.75","5.49M","-0.72%"
"Sep 25, 2019","69.75","69.25","70.50","69.00","4.89M","-0.71%"
"Sep 24, 2019","70.25","70.00","70.50","69.50","5.64M","1.08%"
"Sep 23, 2019","69.50","68.75","70.25","68.75","5.78M","1.46%"
"Sep 20, 2019","68.50","68.50","69.75","68.50","10.94M","0.37%"
"Sep 19, 2019","68.25","70.50","70.50","67.75","13.74M","-2.85%"
"Sep 18, 2019","70.25","71.50","71.75","70.25","8.73M","-2.43%"
"Sep 17, 2019","72.00","71.25","72.25","71.25","14.48M","1.41%"
"Sep 16, 2019","71.00","72.00","72.50","70.75","15.04M","0.35%"
"Sep 13, 2019","70.75","70.25","71.25","69.25","13.21M","1.07%"
"Sep 12, 2019","70.00","70.50","70.75","69.75","8.80M","-1.41%"
"Sep 11, 2019","71.00","70.00","71.00","69.50","10.56M","1.79%"
"Sep 10, 2019","69.75","69.50","70.50","69.25","8.67M","1.45%"
"Sep 09, 2019","68.75","69.00","69.75","68.00","4.51M","-0.36%"
"Sep 06, 2019","69.00","70.25","70.25","68.25","6.64M","-1.08%"
"Sep 05, 2019","69.75","69.75","70.25","69.50","10.61M","2.20%"
"Sep 04, 2019","68.25","66.75","69.00","66.25","11.32M","2.63%"
"Sep 03, 2019","66.50","66.75","67.50","66.00","7.52M","-0.37%"
"Sep 02, 2019","66.75","66.75","67.50","66.00","8.15M","-1.48%"
"Aug 30, 2019","67.75","67.50","68.00","66.25","17.59M","-0.37%"
"Aug 29, 2019","68.00","67.50","68.75","66.25","39.62M","9.24%"
"Aug 28, 2019","62.25","61.75","62.50","61.25","6.89M","2.05%"
"Aug 27, 2019","61.00","62.75","62.75","60.75","11.75M","-2.40%"
"Aug 26, 2019","62.50","62.50","62.75","61.50","15.58M","-4.58%"
"Aug 23, 2019","65.50","64.50","65.50","64.25","3.65M","1.16%"
"Aug 22, 2019","64.75","64.75","65.00","64.25","3.74M","-0.38%"
"Aug 21, 2019","65.00","64.25","65.75","63.75","6.90M","1.17%"
"Aug 20, 2019","64.25","65.25","65.50","64.00","4.02M","-1.53%"
"Aug 19, 2019","65.25","65.75","66.50","65.00","8.01M","1.16%"
"Aug 16, 2019","64.50","64.00","64.50","63.00","8.81M","0.78%"
"Aug 15, 2019","64.00","65.25","65.25","62.00","16.40M","-2.29%"
"Aug 14, 2019","65.50","65.25","66.75","65.00","16.89M","1.95%"
"Aug 13, 2019","64.25","64.00","65.25","63.75","15.70M","0.78%"
"Aug 09, 2019","63.75","62.50","64.25","62.50","12.75M","2.82%"
"Aug 08, 2019","62.00","63.25","63.50","62.00","12.76M","-2.75%"
"Aug 07, 2019","63.75","65.50","65.75","63.00","17.67M","-3.04%"
"Aug 06, 2019","65.75","65.00","66.25","64.50","9.82M","-0.38%"
"Aug 05, 2019","66.00","66.00","66.75","65.75","8.26M","-1.49%"
"Aug 02, 2019","67.00","67.25","67.50","65.50","21.51M","-2.55%"
"Aug 01, 2019","68.75","68.25","69.50","68.00","9.00M","-0.36%"
"Jul 31, 2019","69.00","68.25","70.50","68.25","13.00M","0.36%"
"Jul 30, 2019","68.75","69.00","69.25","68.00","7.74M","-1.08%"
"Jul 26, 2019","69.50","69.75","70.00","69.00","3.67M","-0.36%"
"Jul 25, 2019","69.75","70.50","70.75","69.25","10.25M","-1.76%"
"Jul 24, 2019","71.00","71.25","71.25","70.25","7.83M","0.00%"
"Jul 23, 2019","71.00","71.25","71.50","70.25","6.01M","-0.35%"
"Jul 22, 2019","71.25","70.50","71.25","70.25","8.02M","1.06%"
"Jul 19, 2019","70.50","69.75","71.50","69.75","10.97M","2.17%"
"Jul 18, 2019","69.00","68.75","70.00","68.50","8.82M","0.00%"
"Jul 17, 2019","69.00","69.50","69.50","68.50","13.86M","-2.47%"
"Jul 15, 2019","70.75","72.25","72.25","70.00","13.60M","-2.41%"
"Jul 12, 2019","72.50","72.00","73.00","71.50","37.92M","2.11%"
"Jul 11, 2019","71.00","69.50","71.00","69.25","33.76M","4.41%"
"Jul 10, 2019","68.00","66.75","68.75","66.50","32.25M","2.26%"
"Jul 09, 2019","66.50","66.25","66.75","66.00","8.55M","0.38%"
"Jul 08, 2019","66.25","66.25","66.50","65.50","9.46M","-0.38%"
"Jul 05, 2019","66.50","65.75","67.00","65.50","9.62M","1.92%"
"Jul 04, 2019","65.25","66.50","67.50","65.00","13.25M","-1.51%"
"Jul 03, 2019","66.25","67.50","67.50","66.00","18.39M","-2.57%"
"Jul 02, 2019","68.00","68.50","68.75","67.50","13.83M","-0.73%"
"Jul 01, 2019","68.50","67.50","69.00","67.50","19.02M","3.01%"
"Jun 28, 2019","66.50","66.25","66.75","66.00","7.03M","0.38%"
"Jun 27, 2019","66.25","66.50","67.00","66.00","10.67M","-0.38%"
"Jun 26, 2019","66.50","66.25","66.50","65.75","19.22M","0.00%"
"Jun 25, 2019","66.50","66.25","67.00","65.50","17.92M","0.00%"
"Jun 24, 2019","66.50","64.75","66.75","64.50","29.89M","3.50%"
"Jun 21, 2019","64.25","64.50","65.75","64.25","26.29M","0.00%"
"Jun 20, 2019","64.25","62.50","64.25","62.00","23.41M","3.63%"
"Jun 19, 2019","62.00","61.50","62.75","61.25","29.15M","2.48%"
"Jun 18, 2019","60.50","60.00","61.00","59.50","11.61M","0.83%"
"Jun 17, 2019","60.00","60.50","60.75","60.00","4.71M","-0.41%"
"Jun 14, 2019","60.25","60.25","60.75","60.00","5.69M","0.00%"
"Jun 13, 2019","60.25","60.00","60.75","59.75","10.88M","0.00%"
"Jun 12, 2019","60.25","60.50","60.75","60.25","6.66M","-0.41%"
"Jun 11, 2019","60.50","60.75","61.00","60.25","9.07M","-0.82%"
"Jun 10, 2019","61.00","61.00","61.50","60.75","18.24M","1.67%"
"Jun 07, 2019","60.00","59.75","60.25","59.50","6.55M","0.84%"
"Jun 06, 2019","59.50","60.00","60.00","59.00","8.78M","-0.83%"
"Jun 05, 2019","60.00","60.25","60.50","59.75","8.59M","0.84%"
"Jun 04, 2019","59.50","59.50","59.75","58.50","12.47M","0.42%"
"May 31, 2019","59.25","59.25","59.75","59.00","5.87M","-0.42%"
"May 30, 2019","59.50","59.50","60.00","59.00","9.13M","0.42%"
"May 29, 2019","59.25","60.00","60.25","59.25","9.32M","-1.25%"
"May 28, 2019","60.00","59.50","60.75","59.50","28.47M","1.27%"
"May 27, 2019","59.25","60.25","60.25","58.75","19.31M","-1.25%"
"May 24, 2019","60.00","59.00","60.25","58.50","22.98M","1.69%"
"May 23, 2019","59.00","60.00","60.25","59.00","16.07M","-2.48%"
"May 22, 2019","60.50","62.75","63.00","60.00","46.19M","-3.20%"
"May 21, 2019","62.50","63.00","64.25","62.50","15.31M","-0.79%"
"May 17, 2019","63.00","64.75","64.75","63.00","12.15M","-1.95%"
"May 16, 2019","64.25","64.25","64.75","63.75","12.76M","0.00%"
"May 15, 2019","64.25","65.00","65.75","64.25","11.16M","-0.77%"
"May 14, 2019","64.75","64.50","65.25","64.00","12.05M","-0.38%"
"May 13, 2019","65.00","66.75","67.00","64.75","14.52M","-2.62%"
"May 10, 2019","66.75","67.00","67.50","66.00","15.08M","0.38%"
"May 09, 2019","66.50","66.75","67.50","66.50","8.06M","0.00%"
"May 08, 2019","66.50","67.25","67.25","66.50","14.70M","-1.85%"
"May 07, 2019","67.75","68.25","68.75","67.50","15.93M","-1.81%"
"May 03, 2019","69.00","69.25","69.25","68.50","8.27M","-0.36%"
"May 02, 2019","69.25","69.25","69.75","69.00","8.45M","0.00%"
"Apr 30, 2019","69.25","69.00","69.75","68.75","13.35M","0.36%"
"Apr 29, 2019","69.00","69.50","69.75","68.50","17.14M","-1.43%"
"Apr 26, 2019","70.00","71.75","72.00","69.50","24.67M","-2.44%"
"Apr 25, 2019","71.75","72.25","72.75","71.75","7.35M","-1.03%"
"Apr 24, 2019","72.50","72.50","73.00","72.25","8.69M","0.00%"
"Apr 23, 2019","72.50","73.25","73.25","72.25","10.58M","-0.68%"
"Apr 22, 2019","73.00","73.25","74.00","73.00","13.57M","0.00%"
"Apr 19, 2019","73.00","72.00","73.50","71.75","15.19M","1.39%"
"Apr 18, 2019","72.00","71.75","72.25","71.50","12.29M","0.00%"
"Apr 17, 2019","72.00","72.00","72.25","71.25","14.55M","0.00%"
"Apr 12, 2019","72.00","72.25","72.50","71.50","11.01M","0.00%"
"Apr 11, 2019","72.00","71.50","72.50","71.00","15.02M","0.70%"
"Apr 10, 2019","71.50","71.50","71.75","71.00","12.06M","0.00%"
"Apr 09, 2019","71.50","71.25","72.25","71.25","18.15M","1.06%"
"Apr 05, 2019","70.75","71.25","71.50","70.50","6.37M","-0.70%"
"Apr 04, 2019","71.25","71.75","72.00","71.00","7.22M","-0.70%"
"Apr 03, 2019","71.75","71.50","72.25","71.00","16.10M","1.06%"
"Apr 02, 2019","71.00","70.50","71.75","70.25","14.11M","1.07%"
"Apr 01, 2019","70.25","70.00","70.50","69.75","9.01M","1.08%"
"Mar 29, 2019","69.50","70.25","70.50","69.50","8.87M","-0.71%"
"Mar 28, 2019","70.00","69.75","70.25","69.25","10.00M","0.00%"
"Mar 27, 2019","70.00","70.50","70.75","69.75","11.51M","-0.71%"
"Mar 26, 2019","70.50","70.75","70.75","69.50","9.73M","0.00%"
"Mar 25, 2019","70.50","70.25","71.25","70.00","14.63M","-2.08%"
"Mar 22, 2019","72.00","71.25","72.25","71.00","10.92M","0.35%"
"Mar 21, 2019","71.75","70.25","72.00","70.25","15.42M","2.87%"
"Mar 20, 2019","69.75","70.00","70.25","69.25","8.60M","-0.36%"
"Mar 19, 2019","70.00","68.75","70.50","68.75","12.01M","2.19%"
"Mar 18, 2019","68.50","69.00","69.50","68.25","9.00M","-0.72%"
"Mar 15, 2019","69.00","69.75","69.75","69.00","11.91M","-0.72%"
"Mar 14, 2019","69.50","70.50","70.50","69.50","12.52M","-1.42%"
"Mar 13, 2019","70.50","69.75","70.50","69.25","9.84M","0.36%"
"Mar 12, 2019","70.25","70.50","71.00","70.00","14.71M","1.08%"
"Mar 11, 2019","69.50","70.50","71.00","69.50","11.51M","-2.11%"
"Mar 08, 2019","71.00","71.75","72.00","71.00","7.86M","-1.05%"
"Mar 07, 2019","71.75","72.00","72.25","71.00","7.58M","-0.69%"
"Mar 06, 2019","72.25","72.75","73.00","71.75","16.45M","-0.34%"
"Mar 05, 2019","72.50","69.75","72.50","69.25","32.20M","3.94%"
"Mar 04, 2019","69.75","68.50","70.00","68.00","18.46M","0.72%"
"Mar 01, 2019","69.25","72.25","72.50","69.00","38.90M","-4.15%"
"Feb 28, 2019","72.25","72.50","73.00","72.00","11.23M","-1.70%"
"Feb 27, 2019","73.50","73.50","73.75","72.75","9.43M","0.00%"
"Feb 26, 2019","73.50","73.25","74.00","73.00","11.28M","-0.68%"
"Feb 25, 2019","74.00","74.00","74.00","73.25","10.56M","0.34%"
"Feb 22, 2019","73.75","71.50","74.00","71.50","15.31M","2.43%"
"Feb 21, 2019","72.00","73.50","73.50","71.00","29.87M","-3.03%"
"Feb 20, 2019","74.25","73.75","74.50","73.50","14.82M","0.68%"
"Feb 18, 2019","73.75","74.50","74.50","72.75","13.20M","-0.67%"
"Feb 15, 2019","74.25","75.00","75.00","73.75","12.38M","-1.33%"
"Feb 14, 2019","75.25","76.00","76.25","75.00","10.76M","-0.99%"
"Feb 13, 2019","76.00","73.50","76.00","73.25","23.50M","3.75%"
"Feb 12, 2019","73.25","73.50","73.75","73.00","4.84M","-0.34%"
"Feb 11, 2019","73.50","73.50","73.75","72.75","6.23M","-0.68%"
"Feb 08, 2019","74.00","73.50","74.25","72.25","9.99M","-0.67%"
"Feb 07, 2019","74.50","74.50","75.25","74.00","7.31M","0.00%"
"Feb 06, 2019","74.50","74.50","75.00","74.00","6.49M","0.00%"
"Feb 05, 2019","74.50","75.00","75.00","73.75","5.88M","-0.33%"
"Feb 04, 2019","74.75","74.00","75.00","73.75","9.56M","1.36%"
"Feb 01, 2019","73.75","72.00","74.50","71.75","20.86M","2.43%"
"Jan 31, 2019","72.00","72.75","73.00","71.00","16.34M","0.00%"
"Jan 30, 2019","72.00","69.25","72.00","69.00","18.67M","4.35%"
"Jan 29, 2019","69.00","70.75","71.00","67.75","25.82M","-3.16%"
"Jan 28, 2019","71.25","71.00","72.25","71.00","7.87M","0.35%"
"Jan 25, 2019","71.00","72.00","72.00","70.50","7.67M","-0.70%"
"Jan 24, 2019","71.50","72.00","72.50","71.25","10.26M","-1.38%"
"Jan 23, 2019","72.50","72.25","73.00","71.50","17.11M","-0.68%"
"Jan 22, 2019","73.00","71.75","73.00","71.25","14.09M","1.74%"
"Jan 21, 2019","71.75","70.25","72.00","70.25","8.90M","3.24%"
"Jan 18, 2019","69.50","69.00","69.75","68.50","5.39M","1.46%"
"Jan 17, 2019","68.50","68.25","69.00","67.75","4.97M","0.00%"
"Jan 16, 2019","68.50","67.25","68.75","66.75","8.07M","1.86%"
"Jan 15, 2019","67.25","67.50","68.00","66.75","8.57M","-0.37%"
"Jan 14, 2019","67.50","70.00","70.25","67.50","8.17M","-4.26%"
"Jan 11, 2019","70.50","69.50","70.75","69.00","9.13M","1.08%"
"Jan 10, 2019","69.75","69.50","70.50","68.75","10.44M","0.00%"
"Jan 09, 2019","69.75","70.75","70.75","69.25","10.57M","0.00%"
"Jan 08, 2019","69.75","70.00","70.00","68.50","6.63M","0.00%"
"Jan 07, 2019","69.75","69.00","71.00","68.75","15.60M","3.72%"
"Jan 04, 2019","67.25","64.00","67.75","63.75","15.33M","5.49%"
"Jan 03, 2019","63.75","64.75","64.75","63.50","6.05M","0.00%"
"Jan 02, 2019","63.75","66.25","66.25","62.75","9.63M","-3.77%"
"Dec 28, 2018","66.25","65.25","66.75","65.25","4.80M","1.92%"
"Dec 27, 2018","65.00","67.75","67.75","65.00","9.23M","-1.14%"
"Dec 26, 2018","65.75","65.25","66.00","65.00","4.00M","0.77%"
"Dec 25, 2018","65.25","66.00","66.00","65.00","4.65M","-2.25%"
"Dec 24, 2018","66.75","67.00","67.75","66.25","4.73M","-0.37%"
"Dec 21, 2018","67.00","65.50","68.25","65.50","16.85M","1.52%"
"Dec 20, 2018","66.00","66.00","67.00","65.50","9.32M","0.00%"
"Dec 19, 2018","66.00","66.25","66.50","65.00","11.28M","-0.38%"
"Dec 18, 2018","66.25","67.50","67.75","66.25","6.97M","-2.93%"
"Dec 17, 2018","68.25","68.75","69.25","66.75","8.16M","0.00%"
"Dec 14, 2018","68.25","68.25","69.75","68.25","9.48M","-0.36%"
"Dec 13, 2018","68.50","72.50","72.50","68.25","16.91M","-5.19%"
"Dec 12, 2018","72.25","72.75","73.25","72.00","5.86M","-0.34%"
"Dec 11, 2018","72.50","73.25","73.50","72.50","5.76M","-1.36%"
"Dec 07, 2018","73.50","75.00","75.00","73.00","7.91M","-2.00%"
"Dec 06, 2018","75.00","75.50","75.50","73.75","10.27M","-2.60%"
"Dec 04, 2018","77.00","77.75","78.00","76.50","8.29M","-0.96%"
"Dec 03, 2018","77.75","77.75","78.50","77.75","10.15M","2.30%"
"Nov 30, 2018","76.00","75.00","77.00","75.00","9.59M","1.33%"
"Nov 29, 2018","75.00","75.00","75.75","74.25","5.44M","0.00%"
"Nov 28, 2018","75.00","74.00","75.75","73.75","4.26M","1.69%"
"Nov 27, 2018","73.75","74.00","74.50","73.50","6.24M","-0.34%"
"Nov 26, 2018","74.00","74.00","74.75","73.50","3.11M","-0.67%"
"Nov 23, 2018","74.50","73.75","74.75","73.25","4.28M","1.02%"
"Nov 22, 2018","73.75","74.50","75.00","73.50","3.81M","-0.67%"
"Nov 21, 2018","74.25","73.50","74.50","72.75","9.98M","-1.33%"
"Nov 20, 2018","75.25","75.75","76.25","75.00","5.61M","-1.31%"
"Nov 19, 2018","76.25","76.75","76.75","76.00","5.20M","-1.29%"
"Nov 16, 2018","77.25","76.25","77.75","76.00","10.22M","1.98%"
"Nov 15, 2018","75.75","75.75","77.25","75.50","8.75M","0.33%"
"Nov 14, 2018","75.50","77.00","77.00","75.25","15.33M","-3.82%"
"Nov 13, 2018","78.50","79.00","79.50","78.00","7.53M","-1.57%"
"Nov 12, 2018","79.75","80.75","80.75","79.25","4.56M","-1.54%"
"Nov 09, 2018","81.00","84.00","84.25","80.75","9.86M","-4.71%"
"Nov 08, 2018","85.00","85.25","85.25","84.25","6.60M","0.89%"
"Nov 07, 2018","84.25","82.25","84.25","82.00","5.58M","3.06%"
"Nov 06, 2018","81.75","83.25","84.00","81.75","7.41M","-1.51%"
"Nov 05, 2018","83.00","83.50","83.75","82.75","3.97M","-2.06%"
"Nov 02, 2018","84.75","84.25","85.00","84.00","7.90M","0.59%"
"Nov 01, 2018","84.25","84.00","84.50","83.25","5.47M","-0.59%"
"Oct 31, 2018","84.75","81.25","84.75","80.75","9.56M","5.61%"
"Oct 30, 2018","80.25","80.50","81.25","79.50","6.10M","0.00%"
"Oct 29, 2018","80.25","80.50","81.25","80.00","3.39M","0.63%"
"Oct 26, 2018","79.75","81.00","81.00","78.75","4.04M","-1.85%"
"Oct 25, 2018","81.25","77.00","82.00","77.00","9.76M","4.84%"
"Oct 24, 2018","77.50","80.00","80.75","77.50","7.53M","-4.02%"
"Oct 22, 2018","80.75","81.00","81.50","80.00","8.20M","-0.31%"
"Oct 19, 2018","81.00","83.25","83.50","81.00","12.83M","-3.57%"
"Oct 18, 2018","84.00","85.50","85.75","84.00","5.84M","-2.04%"
"Oct 17, 2018","85.75","83.75","87.00","83.50","15.08M","3.94%"
"Oct 16, 2018","82.50","82.75","83.00","82.25","3.53M","-0.60%"
"Oct 12, 2018","83.00","82.50","83.75","82.50","4.13M","0.61%"
"Oct 11, 2018","82.50","82.25","83.25","81.75","8.79M","-2.08%"
"Oct 10, 2018","84.25","83.50","84.75","83.50","6.11M","1.81%"
"Oct 09, 2018","82.75","83.50","83.75","82.50","7.87M","0.00%"
"Oct 08, 2018","82.75","83.75","84.75","82.50","6.07M","-1.49%"
"Oct 05, 2018","84.00","85.00","85.25","83.75","5.59M","0.00%"
"Oct 04, 2018","84.00","85.25","85.75","84.00","11.90M","-2.61%"
"Oct 03, 2018","86.25","87.00","87.00","86.00","4.04M","-0.29%"
"Oct 02, 2018","86.50","87.50","88.25","86.00","9.13M","-1.14%"
"Oct 01, 2018","87.50","89.00","89.00","87.50","4.28M","-1.13%"
"Sep 28, 2018","88.50","88.25","88.50","87.75","5.62M","0.57%"
"Sep 27, 2018","88.00","87.00","88.25","85.50","8.63M","1.73%"
"Sep 26, 2018","86.50","86.25","87.00","86.00","3.54M","0.29%"
"Sep 25, 2018","86.25","87.00","87.50","85.75","5.71M","-0.86%"
"Sep 24, 2018","87.00","86.75","88.00","86.50","2.63M","-0.57%"
"Sep 21, 2018","87.50","89.25","90.00","87.25","11.70M","-1.69%"
"Sep 20, 2018","89.00","87.75","90.00","87.75","13.41M","2.59%"
"Sep 19, 2018","86.75","84.75","87.75","84.75","13.06M","2.66%"
"Sep 18, 2018","84.50","84.25","85.00","83.50","10.53M","-0.29%"
"Sep 17, 2018","84.75","86.00","86.00","84.00","5.44M","-1.45%"
"Sep 14, 2018","86.00","85.25","86.25","84.75","7.59M","1.78%"
"Sep 13, 2018","84.50","82.50","85.00","82.50","12.55M","0.90%"
"Sep 12, 2018","83.75","83.25","84.25","82.75","7.01M","0.00%"
"Sep 11, 2018","83.75","84.50","85.00","83.50","8.57M","-1.47%"
"Sep 10, 2018","85.00","85.25","85.75","84.50","2.66M","-0.29%"
"Sep 07, 2018","85.25","85.00","85.75","84.25","6.79M","-1.16%"
"Sep 06, 2018","86.25","84.75","86.25","83.75","7.50M","1.77%"
"Sep 05, 2018","84.75","84.50","85.50","84.50","7.33M","-1.17%"
"Sep 04, 2018","85.75","86.50","86.50","85.50","5.37M","-0.29%"
"Sep 03, 2018","86.00","85.00","86.25","85.00","11.17M","2.08%"
"Aug 31, 2018","84.25","83.00","84.25","82.75","8.33M","0.90%"
"Aug 30, 2018","83.50","85.00","85.25","83.50","6.71M","-1.47%"
"Aug 29, 2018","84.75","84.75","85.25","84.25","5.65M","0.59%"
"Aug 28, 2018","84.25","86.00","86.00","83.75","10.23M","-1.46%"
"Aug 27, 2018","85.50","85.25","86.00","84.50","4.57M","0.59%"
"Aug 24, 2018","85.00","84.75","85.50","83.75","9.13M","0.00%"
"Aug 23, 2018","85.00","86.50","86.50","85.00","7.60M","-0.58%"
"Aug 22, 2018","85.50","83.75","86.50","83.25","14.80M","2.70%"
"Aug 21, 2018","83.25","83.00","84.25","82.75","11.59M","-0.89%"
"Aug 20, 2018","84.00","85.00","85.00","84.00","8.78M","0.60%"
"Aug 17, 2018","83.50","84.00","84.75","83.00","12.47M","0.60%"
"Aug 16, 2018","83.00","81.50","83.25","81.00","17.15M","2.47%"
"Aug 15, 2018","81.00","81.00","82.00","80.50","13.06M","0.62%"
"Aug 14, 2018","80.50","79.00","80.50","79.00","10.29M","0.63%"
"Aug 10, 2018","80.00","79.00","81.25","78.75","15.82M","1.59%"
"Aug 09, 2018","78.75","78.50","79.75","78.00","17.33M","0.00%"
"Aug 08, 2018","78.75","80.00","80.00","78.00","15.02M","-1.87%"
"Aug 07, 2018","80.25","81.25","81.50","78.25","13.14M","-0.62%"
"Aug 06, 2018","80.75","82.75","83.50","80.25","7.87M","-2.42%"
"Aug 03, 2018","82.75","81.75","83.00","81.75","7.90M","0.61%"
"Aug 02, 2018","82.25","82.25","83.25","82.00","6.06M","-0.90%"
"Aug 01, 2018","83.00","80.75","83.00","80.75","9.20M","3.43%"
"Jul 31, 2018","80.25","81.00","81.25","79.50","10.90M","-1.53%"
"Jul 26, 2018","81.50","81.75","82.00","80.50","5.11M","0.31%"
"Jul 25, 2018","81.25","81.25","82.00","80.75","6.81M","-0.91%"
"Jul 24, 2018","82.00","82.50","83.75","81.00","6.81M","-1.20%"
"Jul 23, 2018","83.00","79.25","83.50","78.75","12.06M","4.40%"
"Jul 20, 2018","79.50","78.25","79.50","78.00","7.38M","1.60%"
"Jul 19, 2018","78.25","77.50","78.75","77.25","4.77M","1.62%"
"Jul 18, 2018","77.00","78.75","79.25","76.75","9.57M","-1.28%"
"Jul 17, 2018","78.00","77.00","78.25","76.75","7.42M","-0.32%"
"Jul 16, 2018","78.25","76.25","78.75","76.25","4.00M","1.95%"
"Jul 13, 2018","76.75","77.50","77.75","76.50","5.83M","-0.97%"
"Jul 12, 2018","77.50","76.25","77.75","76.00","7.29M","0.65%"
"Jul 11, 2018","77.00","75.75","78.50","75.00","11.60M","0.65%"
"Jul 10, 2018","76.50","71.25","77.00","71.00","13.62M","8.51%"
"Jul 09, 2018","70.50","70.25","71.00","69.75","9.09M","2.17%"
"Jul 06, 2018","69.00","70.25","70.75","68.25","17.47M","-1.78%"
"Jul 05, 2018","70.25","71.25","71.50","69.75","9.44M","-2.77%"
"Jul 04, 2018","72.25","74.50","74.75","71.50","9.67M","-3.99%"
"Jul 03, 2018","75.25","74.00","75.50","73.50","8.40M","2.03%"
"Jul 02, 2018","73.75","77.25","78.00","72.25","9.18M","-5.14%"
"Jun 29, 2018","77.75","78.00","78.00","76.50","5.81M","0.32%"
"Jun 28, 2018","77.50","77.75","78.75","77.25","7.34M","0.32%"
"Jun 27, 2018","77.25","79.00","79.50","76.75","7.33M","-1.59%"
"Jun 26, 2018","78.50","77.00","80.00","76.25","7.02M","1.95%"
"Jun 25, 2018","77.00","80.00","80.75","77.00","4.75M","-3.75%"
"Jun 22, 2018","80.00","79.50","80.75","79.00","6.01M","2.24%"
"Jun 21, 2018","78.25","81.25","81.50","78.25","9.69M","-4.28%"
"Jun 20, 2018","81.75","78.00","81.75","77.00","12.04M","6.17%"
"Jun 19, 2018","77.00","78.50","79.75","77.00","11.28M","-3.45%"
"Jun 18, 2018","79.75","81.25","81.75","79.75","8.45M","-2.74%"
"Jun 15, 2018","82.00","81.50","82.75","80.50","12.64M","0.61%"
"Jun 14, 2018","81.50","83.50","83.75","81.25","17.24M","-4.68%"
"Jun 13, 2018","85.50","86.50","86.50","85.25","6.13M","-1.72%"
"Jun 12, 2018","87.00","89.00","89.00","87.00","3.37M","-1.14%"
"Jun 11, 2018","88.00","87.50","88.25","86.75","1.55M","0.57%"
"Jun 08, 2018","87.50","88.00","88.75","87.00","3.48M","-0.57%"
"Jun 07, 2018","88.00","88.25","89.25","88.00","3.46M","-0.28%"
"Jun 06, 2018","88.25","86.75","88.50","86.75","5.81M","2.02%"
"Jun 05, 2018","86.50","87.50","87.75","85.75","9.52M","-2.54%"
"Jun 04, 2018","88.75","87.25","89.00","87.25","4.00M","2.01%"
"Jun 01, 2018","87.00","88.50","88.75","86.25","14.44M","-5.43%"
"May 31, 2018","92.00","91.00","92.00","90.50","10.23M","1.10%"
"May 30, 2018","91.00","89.00","92.00","88.00","12.25M","1.11%"
"May 28, 2018","90.00","88.75","91.00","88.75","8.51M","1.69%"
"May 25, 2018","88.50","86.25","89.25","86.00","7.19M","2.91%"
"May 24, 2018","86.00","87.25","87.75","85.50","4.97M","-1.71%"
"May 23, 2018","87.50","88.25","88.50","87.00","3.87M","-1.13%"
"May 22, 2018","88.50","88.50","88.75","87.75","2.12M","0.00%"
"May 21, 2018","88.50","88.00","89.25","88.00","4.18M","0.57%"
"May 18, 2018","88.00","87.50","89.00","86.75","3.85M","0.00%"
"May 17, 2018","88.00","87.50","88.50","86.75","9.37M","2.92%"
"May 16, 2018","85.50","88.00","88.25","85.00","12.26M","-3.39%"
"May 15, 2018","88.50","90.00","90.75","88.00","6.61M","-1.67%"
"May 14, 2018","90.00","90.75","91.50","89.75","3.62M","0.00%"
"May 11, 2018","90.00","90.00","91.00","89.00","9.10M","-1.37%"
"May 10, 2018","91.25","94.50","94.75","90.75","8.72M","-2.93%"
"May 09, 2018","94.00","95.75","96.00","94.00","4.40M","-2.08%"
"May 08, 2018","96.00","96.00","96.25","94.25","5.67M","-0.26%"
"May 07, 2018","96.25","95.25","96.25","95.25","4.38M","2.12%"
"May 04, 2018","94.25","93.50","95.50","93.50","4.27M","0.27%"
"May 03, 2018","94.00","93.00","95.00","92.75","3.74M","0.53%"
"May 02, 2018","93.50","93.25","93.75","92.25","2.95M","-0.80%"
"Apr 30, 2018","94.25","93.25","95.00","93.25","4.04M","1.34%"
"Apr 27, 2018","93.00","94.00","94.00","91.75","2.99M","0.54%"
"Apr 26, 2018","92.50","91.25","93.00","91.00","4.28M","2.21%"
"Apr 25, 2018","90.50","92.00","92.50","89.50","6.28M","-2.16%"
"Apr 24, 2018","92.50","94.00","94.00","92.25","2.44M","-0.54%"
"Apr 23, 2018","93.00","93.25","94.00","92.00","4.01M","0.00%"
"Apr 20, 2018","93.00","95.50","95.75","90.75","9.85M","-2.87%"
"Apr 19, 2018","95.75","94.75","96.25","94.50","8.00M","1.86%"
"Apr 18, 2018","94.00","92.50","94.50","92.50","3.94M","1.62%"
"Apr 17, 2018","92.50","95.00","95.00","92.25","6.26M","-1.33%"
"Apr 12, 2018","93.75","92.25","94.00","92.00","4.56M","1.90%"
"Apr 11, 2018","92.00","91.50","92.25","90.75","4.05M","1.38%"
"Apr 10, 2018","90.75","92.00","92.25","89.25","6.31M","-1.36%"
"Apr 09, 2018","92.00","91.25","92.75","91.00","3.33M","0.55%"
"Apr 05, 2018","91.50","89.00","92.25","88.00","6.21M","2.81%"
"Apr 04, 2018","89.00","90.50","90.75","88.00","3.95M","-1.11%"
"Apr 03, 2018","90.00","91.75","92.00","90.00","2.59M","-2.17%"
"Apr 02, 2018","92.00","92.25","92.50","91.50","2.80M","0.27%"
"Mar 30, 2018","91.75","91.75","92.75","88.75","6.79M","1.10%"
"Mar 29, 2018","90.75","94.75","94.75","89.00","12.56M","-3.71%"
"Mar 28, 2018","94.25","95.25","95.75","94.00","3.01M","-1.05%"
"Mar 27, 2018","95.25","96.25","96.25","94.75","3.43M","-0.52%"
"Mar 26, 2018","95.75","95.25","96.25","95.00","3.38M","0.52%"
"Mar 23, 2018","95.25","95.25","96.00","95.25","3.88M","-1.04%"
"Mar 22, 2018","96.25","96.25","97.50","96.00","6.86M","0.00%"
"Mar 21, 2018","96.25","96.50","97.00","96.00","2.51M","-0.26%"
"Mar 20, 2018","96.50","97.25","97.75","95.50","6.57M","-2.03%"
"Mar 19, 2018","98.50","98.75","99.25","98.00","1.61M","-0.76%"
"Mar 16, 2018","99.25","99.00","99.50","98.50","6.11M","-0.25%"
"Mar 15, 2018","99.50","100.50","100.50","99.50","2.41M","-1.00%"
"Mar 14, 2018","100.50","99.25","101.00","99.00","4.15M","1.52%"
"Mar 13, 2018","99.00","98.50","99.25","98.25","1.95M","0.51%"
"Mar 12, 2018","98.50","97.75","99.25","97.25","4.02M","2.07%"
"Mar 09, 2018","96.50","97.00","97.75","94.75","5.26M","-0.52%"
"Mar 08, 2018","97.00","96.75","98.25","96.50","2.36M","0.52%"
"Mar 07, 2018","96.50","97.00","97.25","96.50","2.47M","-1.53%"
"Mar 06, 2018","98.00","98.50","99.00","97.25","2.45M","0.00%"
"Mar 05, 2018","98.00","100.00","100.00","96.25","6.70M","-1.75%"
"Mar 02, 2018","99.75","102.00","103.00","99.25","6.08M","-3.16%"
"Feb 28, 2018","103.00","101.50","103.00","101.00","5.94M","1.48%"
"Feb 27, 2018","101.50","102.00","103.00","101.00","9.14M","-2.87%"
"Feb 26, 2018","104.50","101.00","104.50","101.00","7.93M","3.98%"
"Feb 23, 2018","100.50","99.75","101.50","99.75","3.88M","1.01%"
"Feb 22, 2018","99.50","101.00","101.00","99.50","8.24M","-1.49%"
"Feb 21, 2018","101.00","102.00","102.50","99.75","5.73M","-0.98%"
"Feb 20, 2018","102.00","102.00","102.50","101.00","2.52M","0.00%"
"Feb 19, 2018","102.00","101.00","102.50","101.00","4.46M","0.99%"
"Feb 16, 2018","101.00","101.00","101.50","100.00","3.05M","1.00%"
"Feb 15, 2018","100.00","101.50","101.50","99.75","2.33M","-0.99%"
"Feb 14, 2018","101.00","99.00","101.00","99.00","4.43M","2.02%"
"Feb 13, 2018","99.00","99.00","99.25","98.25","3.74M","0.00%"
"Feb 12, 2018","99.00","98.75","99.50","98.25","2.92M","0.00%"
"Feb 09, 2018","99.00","97.75","99.25","97.50","5.08M","-0.25%"
"Feb 08, 2018","99.25","99.50","100.50","99.25","4.44M","-1.73%"
"Feb 07, 2018","101.00","101.00","101.50","99.00","7.97M","0.50%"
"Feb 06, 2018","100.50","97.75","101.00","96.50","8.52M","0.00%"
"Feb 05, 2018","100.50","99.50","101.50","99.25","5.68M","-1.47%"
"Feb 02, 2018","102.00","104.00","104.50","101.50","3.44M","-1.92%"
"Feb 01, 2018","104.00","103.50","104.00","101.50","4.51M","1.46%"
"Jan 31, 2018","102.50","102.00","103.00","101.50","5.85M","-0.97%"
"Jan 30, 2018","103.50","104.50","104.50","102.00","5.76M","-1.43%"
"Jan 29, 2018","105.00","106.00","106.50","103.00","8.97M","0.00%"
"Jan 26, 2018","105.00","102.50","105.50","101.50","10.02M","3.45%"
"Jan 25, 2018","101.50","102.50","103.00","101.50","4.79M","0.50%"
"Jan 24, 2018","101.00","101.50","103.00","100.50","5.43M","-0.98%"
"Jan 23, 2018","102.00","101.00","102.00","99.50","7.21M","1.49%"
"Jan 22, 2018","100.50","100.50","101.50","99.50","4.52M","0.00%"
"Jan 19, 2018","100.50","99.75","101.50","99.25","6.90M","1.52%"
"Jan 18, 2018","99.00","100.00","101.00","99.00","9.27M","-0.50%"
"Jan 17, 2018","99.50","100.50","100.50","98.50","7.34M","-1.97%"
"Jan 16, 2018","101.50","102.00","102.50","100.50","3.54M","0.00%"
"Jan 15, 2018","101.50","103.00","103.50","100.50","5.24M","-0.49%"
"Jan 12, 2018","102.00","102.00","103.00","101.00","5.28M","0.99%"
"Jan 11, 2018","101.00","98.75","101.00","98.00","8.29M","1.51%"
"Jan 10, 2018","99.50","103.50","103.50","99.50","16.26M","-4.33%"
"Jan 09, 2018","104.00","104.00","104.50","102.00","5.36M","-0.48%"
"Jan 08, 2018","104.50","106.50","107.00","104.00","4.87M","-2.34%"
"Jan 05, 2018","107.00","105.50","108.00","105.50","5.35M","0.47%"
"Jan 04, 2018","106.50","108.00","108.00","105.50","5.58M","-0.47%"
"Jan 03, 2018","107.00","103.00","107.50","102.50","7.86M","3.38%"
"Dec 29, 2017","103.50","103.00","103.50","102.50","1.96M","0.98%"
"Dec 28, 2017","102.50","103.00","103.50","100.50","4.30M","-0.97%"
"Dec 27, 2017","103.50","103.50","105.00","103.00","1.92M","0.00%"
"Dec 26, 2017","103.50","103.00","104.00","102.50","1.75M","0.00%"
"Dec 25, 2017","103.50","101.00","104.00","101.00","3.53M","2.48%"
"Dec 22, 2017","101.00","103.50","104.00","100.00","8.06M","-2.88%"
"Dec 21, 2017","104.00","105.00","105.50","104.00","3.56M","-1.42%"
"Dec 20, 2017","105.50","106.00","106.00","103.50","3.46M","0.00%"
"Dec 19, 2017","105.50","104.50","105.50","102.50","4.53M","0.96%"
"Dec 18, 2017","104.50","102.50","104.50","102.00","3.44M","1.95%"
"Dec 15, 2017","102.50","102.00","103.00","101.00","7.02M","0.49%"
"Dec 14, 2017","102.00","99.25","102.00","99.25","5.44M","3.03%"
"Dec 13, 2017","99.00","98.25","99.25","97.50","5.57M","1.28%"
"Dec 12, 2017","97.75","99.00","99.25","97.00","7.89M","-1.51%"
"Dec 08, 2017","99.25","98.00","100.50","97.75","9.89M","1.53%"
"Dec 07, 2017","97.75","95.25","97.75","95.00","7.63M","1.82%"
"Dec 06, 2017","96.00","95.25","96.25","94.50","10.76M","2.40%"
"Dec 04, 2017","93.75","94.00","94.00","93.25","2.04M","0.27%"
"Dec 01, 2017","93.50","93.00","93.75","92.75","5.75M","0.54%"
"Nov 30, 2017","93.00","95.50","95.75","93.00","35.85M","-2.36%"
"Nov 29, 2017","95.25","93.75","95.75","93.75","9.47M","2.42%"
"Nov 28, 2017","93.00","92.00","93.25","92.00","9.72M","0.81%"
"Nov 27, 2017","92.25","91.50","92.50","91.50","5.83M","-0.27%"
"Nov 24, 2017","92.50","96.00","96.00","91.75","9.86M","-3.90%"
"Nov 23, 2017","96.25","94.25","96.75","94.00","6.58M","2.12%"
"Nov 22, 2017","94.25","94.25","94.50","94.00","3.80M","0.53%"
"Nov 21, 2017","93.75","94.25","95.00","93.50","10.30M","-0.53%"
"Nov 20, 2017","94.25","94.25","95.00","93.75","7.14M","0.53%"
"Nov 17, 2017","93.75","94.25","94.50","93.25","6.21M","0.27%"
"Nov 16, 2017","93.50","93.50","94.75","93.25","9.70M","0.27%"
"Nov 15, 2017","93.25","94.75","95.00","93.25","9.71M","-2.36%"
"Nov 14, 2017","95.50","95.00","96.25","94.00","14.57M","3.52%"
"Nov 13, 2017","92.25","92.25","95.50","91.25","18.30M","-1.86%"
"Nov 10, 2017","94.00","97.00","97.50","93.50","5.99M","-3.84%"
"Nov 09, 2017","97.75","98.50","98.75","97.50","3.72M","-1.01%"
"Nov 08, 2017","98.75","99.25","99.50","98.50","4.84M","-0.25%"
"Nov 07, 2017","99.00","99.25","99.75","98.00","7.55M","0.51%"
"Nov 06, 2017","98.50","97.75","98.75","96.50","5.47M","0.51%"
"Nov 03, 2017","98.00","98.50","99.50","97.50","7.87M","0.26%"
"Nov 02, 2017","97.75","98.00","99.00","97.25","6.41M","-1.01%"
"Nov 01, 2017","98.75","102.50","102.50","98.75","8.47M","-3.19%"
"Oct 31, 2017","102.00","103.50","104.00","102.00","3.81M","-1.45%"
"Oct 30, 2017","103.50","103.50","104.50","102.00","7.32M","0.98%"
"Oct 27, 2017","102.50","105.50","106.00","102.50","6.24M","-2.84%"
"Oct 25, 2017","105.50","110.00","110.00","105.00","7.54M","-3.21%"
"Oct 24, 2017","109.00","102.50","109.00","102.50","6.79M","4.31%"
"Oct 20, 2017","104.50","103.00","105.00","102.00","3.23M","1.46%"
"Oct 19, 2017","103.00","103.50","107.00","102.00","8.30M","0.98%"
"Oct 18, 2017","102.00","103.50","104.00","101.00","2.62M","-1.45%"
"Oct 17, 2017","103.50","103.00","105.50","102.50","4.52M","0.00%"
"Oct 16, 2017","103.50","102.00","104.50","101.50","9.52M","2.99%"
"Oct 12, 2017","100.50","99.25","102.00","98.75","11.00M","1.77%"
"Oct 11, 2017","98.75","100.00","100.00","98.25","5.94M","-0.75%"
"Oct 10, 2017","99.50","99.00","100.50","98.25","5.82M","0.00%"
"Oct 09, 2017","99.50","99.50","99.75","98.50","4.63M","0.00%"
"Oct 06, 2017","99.50","95.75","100.50","95.50","16.79M","5.01%"
"Oct 05, 2017","94.75","94.25","95.25","93.25","4.59M","0.53%"
"Oct 04, 2017","94.25","94.25","94.75","93.50","4.18M","0.27%"
"Oct 03, 2017","94.00","94.00","94.50","93.25","4.53M","0.00%"
"Oct 02, 2017","94.00","92.75","94.25","92.50","6.03M","1.62%"
"Sep 29, 2017","92.50","93.50","93.75","91.75","5.34M","-1.07%"
"Sep 28, 2017","93.50","93.00","93.75","92.75","6.20M","0.00%"
"Sep 27, 2017","93.50","93.25","93.50","92.50","3.51M","0.27%"
"Sep 26, 2017","93.25","93.00","93.50","92.25","6.08M","0.81%"
"Sep 25, 2017","92.50","92.00","92.50","91.50","3.52M","0.54%"
"Sep 22, 2017","92.00","91.25","92.00","90.50","7.78M","0.82%"
"Sep 21, 2017","91.25","90.50","91.75","90.50","4.63M","0.55%"
"Sep 20, 2017","90.75","92.00","92.25","90.50","5.49M","-1.36%"
"Sep 19, 2017","92.00","92.50","93.00","91.50","5.64M","-1.08%"
"Sep 18, 2017","93.00","93.00","93.00","92.25","5.15M","0.54%"
"Sep 15, 2017","92.50","93.50","93.50","92.00","5.70M","-1.07%"
"Sep 14, 2017","93.50","91.75","94.00","91.50","8.42M","1.63%"
"Sep 13, 2017","92.00","92.00","92.50","91.25","6.14M","0.82%"
"Sep 12, 2017","91.25","91.50","92.25","91.00","2.63M","-0.27%"
"Sep 11, 2017","91.50","90.25","92.50","90.25","9.31M","1.10%"
"Sep 08, 2017","90.50","89.25","91.25","89.00","13.50M","1.69%"
"Sep 07, 2017","89.00","89.75","89.75","88.50","9.14M","-2.20%"
"Sep 06, 2017","91.00","91.00","91.50","90.50","9.62M","0.00%"
"Sep 05, 2017","91.00","92.00","92.50","90.50","9.17M","-1.62%"
"Sep 04, 2017","92.50","93.00","93.75","92.50","5.38M","-0.80%"
"Sep 01, 2017","93.25","94.50","94.50","93.00","4.98M","-1.06%"
"Aug 31, 2017","94.25","92.50","95.00","92.50","9.87M","1.62%"
"Aug 30, 2017","92.75","93.25","94.00","92.25","10.29M","-1.85%"
"Aug 29, 2017","94.50","91.75","97.00","91.50","14.84M","3.00%"
"Aug 28, 2017","91.75","93.50","93.50","91.50","9.19M","-1.61%"
"Aug 25, 2017","93.25","90.75","93.75","90.25","8.82M","3.04%"
"Aug 24, 2017","90.50","90.75","91.25","89.50","6.97M","-0.28%"
"Aug 23, 2017","90.75","92.25","92.75","88.25","13.33M","0.28%"
"Aug 22, 2017","90.50","88.75","90.75","88.50","6.10M","1.40%"
"Aug 21, 2017","89.25","88.50","89.50","88.25","2.76M","1.13%"
"Aug 18, 2017","88.25","86.75","88.50","86.75","4.56M","1.15%"
"Aug 17, 2017","87.25","88.25","88.75","86.50","8.48M","-1.41%"
"Aug 16, 2017","88.50","88.75","90.25","88.25","6.92M","-0.28%"
"Aug 15, 2017","88.75","88.25","89.50","88.00","6.37M","1.72%"
"Aug 11, 2017","87.25","88.50","89.00","87.25","7.66M","-1.97%"
"Aug 10, 2017","89.00","87.00","89.00","86.25","10.09M","2.30%"
"Aug 09, 2017","87.00","87.00","87.75","86.00","4.08M","0.00%"
"Aug 08, 2017","87.00","86.50","87.50","86.50","3.47M","0.87%"
"Aug 07, 2017","86.25","86.75","88.00","86.25","3.40M","-1.15%"
"Aug 04, 2017","87.25","85.75","87.25","85.00","9.79M","2.35%"
"Aug 03, 2017","85.25","86.00","86.00","84.75","3.61M","-0.87%"
"Aug 02, 2017","86.00","86.50","86.75","85.25","4.57M","-0.29%"
"Aug 01, 2017","86.25","85.50","87.00","85.25","6.49M","0.58%"
"Jul 31, 2017","85.75","86.50","86.50","84.25","7.85M","0.29%"
"Jul 27, 2017","85.50","85.00","86.00","84.50","6.44M","0.59%"
"Jul 26, 2017","85.00","84.25","85.50","84.00","9.44M","1.49%"
"Jul 25, 2017","83.75","83.50","84.50","83.25","5.11M","0.60%"
"Jul 24, 2017","83.25","84.00","84.50","83.00","5.64M","-0.89%"
"Jul 21, 2017","84.00","82.25","85.00","82.25","12.32M","2.13%"
"Jul 20, 2017","82.25","83.00","83.50","81.75","10.66M","-1.50%"
"Jul 19, 2017","83.50","80.25","83.75","80.00","16.81M","4.38%"
"Jul 18, 2017","80.00","79.25","80.25","79.25","4.55M","0.95%"
"Jul 17, 2017","79.25","78.75","80.00","78.50","4.94M","0.96%"
"Jul 14, 2017","78.50","79.50","80.00","78.25","5.68M","-1.57%"
"Jul 13, 2017","79.75","79.50","80.25","79.25","7.06M","0.63%"
"Jul 12, 2017","79.25","79.25","80.00","78.75","5.67M","0.32%"
"Jul 11, 2017","79.00","79.00","80.00","78.50","9.02M","0.64%"
"Jul 07, 2017","78.50","78.25","79.25","78.00","3.82M","0.32%"
"Jul 06, 2017","78.25","78.00","79.00","77.25","6.80M","0.00%"
"Jul 05, 2017","78.25","75.50","78.75","75.50","8.83M","3.99%"
"Jul 04, 2017","75.25","76.75","77.00","75.25","5.37M","-1.95%"
"Jul 03, 2017","76.75","79.00","79.00","76.25","5.51M","-2.85%"
"Jun 30, 2017","79.00","79.00","79.00","78.50","1.51M","0.96%"
"Jun 29, 2017","78.25","78.75","79.25","78.25","3.08M","-0.32%"
"Jun 28, 2017","78.50","78.00","79.00","77.75","2.68M","0.64%"
"Jun 27, 2017","78.00","77.75","78.75","77.50","3.55M","0.32%"
"Jun 26, 2017","77.75","78.25","78.25","77.50","2.37M","-0.64%"
"Jun 23, 2017","78.25","78.25","78.50","77.75","2.46M","-0.32%"
"Jun 22, 2017","78.50","78.25","79.25","77.75","3.81M","0.32%"
"Jun 21, 2017","78.25","78.50","79.00","77.75","3.87M","-0.32%"
"Jun 20, 2017","78.50","78.75","79.25","78.25","2.45M","0.00%"
"Jun 19, 2017","78.50","79.25","79.25","78.25","1.47M","-0.63%"
"Jun 16, 2017","79.00","79.00","79.50","78.50","1.88M","-0.32%"
"Jun 15, 2017","79.25","79.50","79.75","78.25","3.13M","-0.31%"
"Jun 14, 2017","79.50","79.50","79.75","78.25","4.31M","-0.31%"
"Jun 13, 2017","79.75","78.25","80.00","77.75","5.79M","2.24%"
"Jun 12, 2017","78.00","77.75","78.25","77.50","1.39M","0.65%"
"Jun 09, 2017","77.50","78.00","78.75","77.50","3.66M","-0.32%"
"Jun 08, 2017","77.75","77.75","78.00","77.00","2.03M","0.00%"
"Jun 07, 2017","77.75","78.25","78.50","77.75","3.76M","0.00%"
"Jun 06, 2017","77.75","77.25","78.25","77.25","2.94M","0.32%"
"Jun 05, 2017","77.50","78.00","78.25","77.00","2.89M","-0.32%"
"Jun 02, 2017","77.75","76.25","77.75","76.25","4.22M","2.64%"
"Jun 01, 2017","75.75","76.75","76.75","75.50","1.77M","-1.62%"
"May 31, 2017","77.00","76.75","77.75","75.25","10.76M","0.33%"
"May 30, 2017","76.75","75.75","77.00","75.50","2.36M","1.66%"
"May 29, 2017","75.50","76.00","76.50","75.00","2.40M","-0.98%"
"May 26, 2017","76.25","75.00","76.25","74.75","5.46M","1.67%"
"May 25, 2017","75.00","76.00","76.25","75.00","3.39M","-0.99%"
"May 24, 2017","75.75","76.50","76.50","75.25","5.18M","-0.66%"
"May 23, 2017","76.25","75.50","76.50","75.25","7.35M","1.33%"
"May 22, 2017","75.25","75.75","76.75","74.50","6.78M","0.00%"
"May 19, 2017","75.25","75.50","77.00","75.00","9.07M","0.00%"
"May 18, 2017","75.25","74.50","75.50","74.50","6.48M","1.01%"
"May 17, 2017","74.50","74.25","75.25","73.50","11.20M","0.34%"
"May 16, 2017","74.25","75.50","76.25","73.50","8.12M","-1.66%"
"May 15, 2017","75.50","74.75","75.50","74.00","4.41M","0.67%"
"May 12, 2017","75.00","76.25","76.75","74.50","6.28M","-1.96%"
"May 11, 2017","76.50","76.75","77.00","75.25","5.95M","0.00%"
"May 09, 2017","76.50","77.50","77.75","76.50","2.81M","-1.29%"
"May 08, 2017","77.50","78.25","79.25","77.25","3.39M","-0.64%"
"May 05, 2017","78.00","78.25","79.50","77.75","5.39M","-0.32%"
"May 04, 2017","78.25","77.50","78.25","77.25","2.23M","1.29%"
"May 03, 2017","77.25","77.00","77.75","77.00","1.39M","0.32%"
"May 02, 2017","77.00","77.75","78.50","77.00","3.65M","-1.28%"
"Apr 28, 2017","78.00","77.00","78.00","77.00","4.65M","1.30%"
"Apr 27, 2017","77.00","77.75","77.75","77.00","2.07M","-0.65%"
"Apr 26, 2017","77.50","77.00","77.50","76.50","3.68M","0.98%"
"Apr 25, 2017","76.75","76.75","76.75","75.00","4.07M","0.33%"
"Apr 24, 2017","76.50","76.25","76.75","76.00","1.64M","0.66%"
"Apr 21, 2017","76.00","75.75","76.25","75.50","1.52M","0.66%"
"Apr 20, 2017","75.50","76.25","76.25","75.25","1.82M","-0.98%"
"Apr 19, 2017","76.25","76.25","76.75","75.75","2.85M","0.00%"
"Apr 18, 2017","76.25","76.50","77.50","76.25","3.07M","-0.65%"
"Apr 17, 2017","76.75","77.50","77.75","76.75","1.43M","-1.60%"
"Apr 12, 2017","78.00","78.00","78.00","77.50","2.95M","0.32%"
"Apr 11, 2017","77.75","76.00","77.75","75.75","6.98M","3.32%"
"Apr 10, 2017","75.25","75.00","76.00","74.75","1.71M","1.01%"
"Apr 07, 2017","74.50","75.75","76.00","74.25","6.58M","-0.67%"
"Apr 05, 2017","75.00","75.50","76.00","75.00","3.56M","-0.99%"
"Apr 04, 2017","75.75","76.25","76.50","75.50","1.66M","-0.66%"
"Apr 03, 2017","76.25","75.50","76.25","75.50","1.08M","0.99%"
"Mar 31, 2017","75.50","76.50","76.75","75.50","4.60M","-0.98%"
"Mar 30, 2017","76.25","76.00","77.00","76.00","4.10M","0.33%"
"Mar 29, 2017","76.00","75.50","76.50","75.50","1.58M","0.66%"
"Mar 28, 2017","75.50","75.50","76.25","75.25","2.04M","0.33%"
"Mar 27, 2017","75.25","75.50","75.75","75.00","1.49M","-0.33%"
"Mar 24, 2017","75.50","75.50","76.00","75.50","1.07M","0.00%"
"Mar 23, 2017","75.50","76.00","76.75","75.00","2.78M","-1.31%"
"Mar 22, 2017","76.50","76.25","77.00","76.00","2.41M","-0.33%"
"Mar 21, 2017","76.75","75.75","77.00","75.50","4.12M","1.32%"
"Mar 20, 2017","75.75","76.75","76.75","75.75","2.36M","-0.66%"
"Mar 17, 2017","76.25","76.75","76.75","75.50","5.75M","-0.33%"
"Mar 16, 2017","76.50","76.50","77.00","76.00","4.01M","0.99%"
"Mar 15, 2017","75.75","76.50","76.75","75.75","3.36M","-1.30%"
"Mar 14, 2017","76.75","75.75","76.75","75.50","5.44M","1.66%"
"Mar 13, 2017","75.50","75.50","76.25","75.00","3.05M","-0.33%"
"Mar 10, 2017","75.75","74.50","76.25","74.00","5.15M","2.36%"
"Mar 09, 2017","74.00","75.25","75.25","73.75","3.44M","-1.99%"
"Mar 08, 2017","75.50","74.00","75.50","72.00","8.84M","2.37%"
"Mar 07, 2017","73.75","74.75","75.50","73.75","3.68M","-1.34%"
"Mar 06, 2017","74.75","75.75","76.00","74.25","3.41M","-1.97%"
"Mar 03, 2017","76.25","76.00","76.50","75.75","2.30M","0.00%"
"Mar 02, 2017","76.25","76.75","77.00","75.75","3.33M","-0.33%"
"Mar 01, 2017","76.50","75.75","76.75","75.50","3.61M","1.66%"
"Feb 28, 2017","75.25","75.00","75.75","74.75","4.83M","1.01%"
"Feb 27, 2017","74.50","74.25","74.75","74.25","2.48M","-4.18%"
"Feb 24, 2017","77.75","77.50","78.00","77.25","6.84M","0.32%"
"Feb 23, 2017","77.50","78.00","78.25","76.50","4.49M","-0.32%"
"Feb 22, 2017","77.75","77.50","78.75","77.25","3.76M","0.65%"
"Feb 21, 2017","77.25","78.00","79.00","77.00","2.45M","-1.28%"
"Feb 20, 2017","78.25","77.50","78.25","76.75","4.77M","1.29%"
"Feb 17, 2017","77.25","76.50","77.50","76.50","3.91M","0.98%"
"Feb 16, 2017","76.50","75.75","77.50","75.75","7.74M","2.34%"
"Feb 15, 2017","74.75","72.25","75.00","72.25","9.19M","3.46%"
"Feb 14, 2017","72.25","73.25","73.50","72.25","3.23M","-1.37%"
"Feb 10, 2017","73.25","73.50","74.25","73.00","5.87M","0.00%"
"Feb 09, 2017","73.25","73.00","73.25","72.50","4.42M","0.69%"
"Feb 08, 2017","72.75","71.50","72.75","71.50","3.26M","1.39%"
"Feb 07, 2017","71.75","72.00","72.50","71.50","1.87M","-0.69%"
"Feb 06, 2017","72.25","72.00","72.50","72.00","2.34M","0.35%"
"Feb 03, 2017","72.00","71.25","72.00","71.00","2.52M","1.41%"
"Feb 02, 2017","71.00","72.25","72.50","71.00","3.84M","-1.05%"
"Feb 01, 2017","71.75","71.25","71.75","71.00","3.19M","0.00%"
"Jan 31, 2017","71.75","72.25","72.75","71.25","3.93M","-1.03%"
"Jan 30, 2017","72.50","72.50","72.75","72.25","1.03M","0.00%"
"Jan 27, 2017","72.50","72.50","73.00","72.25","2.29M","0.35%"
"Jan 26, 2017","72.25","72.75","72.75","72.00","1.46M","0.00%"
"Jan 25, 2017","72.25","71.75","72.50","71.25","3.73M","1.05%"
"Jan 24, 2017","71.50","72.00","72.50","71.50","4.50M","-0.69%"
"Jan 23, 2017","72.00","71.50","72.00","71.50","3.08M","1.05%"
"Jan 20, 2017","71.25","70.50","71.75","70.25","5.61M","1.79%"
"Jan 19, 2017","70.00","69.75","70.50","69.50","4.15M","0.00%"
"Jan 18, 2017","70.00","70.25","70.75","69.75","4.23M","0.00%"
"Jan 17, 2017","70.00","70.50","71.00","69.75","3.71M","-0.36%"
"Jan 16, 2017","70.25","70.25","71.00","70.00","3.04M","0.00%"
"Jan 13, 2017","70.25","70.00","70.75","69.75","5.68M","1.08%"
"Jan 12, 2017","69.50","69.25","70.25","69.25","4.89M","1.09%"
"Jan 11, 2017","68.75","69.25","70.25","68.75","7.08M","-0.36%"
"Jan 10, 2017","69.00","69.25","70.00","69.00","5.08M","-0.36%"
"Jan 09, 2017","69.25","69.75","70.00","69.25","6.07M","-1.42%"
"Jan 06, 2017","70.25","71.75","72.00","70.00","11.73M","-2.09%"
"Jan 05, 2017","71.75","72.25","72.75","71.50","8.19M","-1.71%"
"Jan 04, 2017","73.00","72.75","73.50","72.25","6.04M","1.04%"
"Dec 30, 2016","72.25","72.50","72.75","72.00","1.99M","0.00%"
"Dec 29, 2016","72.25","71.00","72.50","70.75","4.55M","1.76%"
"Dec 28, 2016","71.00","70.50","71.50","70.50","2.89M","0.71%"
"Dec 27, 2016","70.50","71.50","71.75","70.50","3.56M","-1.05%"
"Dec 26, 2016","71.25","71.50","72.25","71.00","1.44M","-0.70%"
"Dec 23, 2016","71.75","71.00","72.25","70.75","2.79M","1.06%"
"Dec 22, 2016","71.00","71.50","72.25","70.75","3.77M","-1.05%"
"Dec 21, 2016","71.75","72.25","72.75","71.75","2.37M","-0.69%"
"Dec 20, 2016","72.25","72.25","73.00","72.00","3.16M","0.00%"
"Dec 19, 2016","72.25","73.00","73.00","72.25","2.23M","-1.03%"
"Dec 16, 2016","73.00","71.75","73.00","71.50","4.76M","1.74%"
"Dec 15, 2016","71.75","71.75","72.00","71.25","2.50M","0.35%"
"Dec 14, 2016","71.50","72.50","73.25","71.50","6.74M","-1.04%"
"Dec 13, 2016","72.25","73.00","73.25","72.00","5.15M","-0.34%"
"Dec 09, 2016","72.50","72.50","73.00","72.00","2.65M","0.00%"
"Dec 08, 2016","72.50","73.00","73.25","72.25","3.24M","-0.68%"
"Dec 07, 2016","73.00","72.50","73.00","72.50","2.81M","0.34%"
"Dec 06, 2016","72.75","71.50","73.75","71.50","9.06M","2.11%"
"Dec 02, 2016","71.25","72.50","72.75","71.00","7.47M","-2.40%"
"Dec 01, 2016","73.00","74.25","74.75","72.50","6.70M","-1.35%"
"Nov 30, 2016","74.00","71.75","74.00","71.00","5.75M","2.78%"
"Nov 29, 2016","72.00","72.25","73.00","72.00","2.36M","0.00%"
"Nov 28, 2016","72.00","72.75","72.75","71.75","892.90K","-1.37%"
"Nov 25, 2016","73.00","73.00","73.00","72.50","846.60K","0.34%"
"Nov 24, 2016","72.75","73.00","73.50","72.25","1.98M","-0.34%"
"Nov 23, 2016","73.00","71.50","73.00","71.50","2.72M","1.74%"
"Nov 22, 2016","71.75","71.00","72.50","71.00","3.67M","1.06%"
"Nov 21, 2016","71.00","70.75","71.50","69.50","4.79M","-0.35%"
"Nov 18, 2016","71.25","71.50","71.75","70.75","2.45M","-0.35%"
"Nov 17, 2016","71.50","71.00","71.75","70.50","4.06M","1.06%"
"Nov 16, 2016","70.75","72.00","72.50","70.75","7.10M","-1.74%"
"Nov 15, 2016","72.00","71.75","73.00","71.50","4.29M","0.70%"
"Nov 14, 2016","71.50","73.00","73.25","71.50","3.78M","-3.05%"
"Nov 11, 2016","73.75","74.00","74.25","73.50","4.00M","-1.67%"
"Nov 10, 2016","75.00","72.00","75.00","72.00","9.45M","4.53%"
"Nov 09, 2016","71.75","73.25","73.50","71.50","8.39M","-2.71%"
"Nov 08, 2016","73.75","73.75","73.75","73.25","3.31M","0.00%"
"Nov 07, 2016","73.75","74.00","74.00","73.50","2.70M","1.03%"
"Nov 04, 2016","73.00","73.00","73.25","72.50","4.95M","-0.68%"
"Nov 03, 2016","73.50","73.00","74.00","73.00","5.81M","0.68%"
"Nov 02, 2016","73.00","72.25","73.25","72.00","9.56M","1.04%"
"Nov 01, 2016","72.25","71.00","73.00","71.00","14.95M","3.21%"
"Oct 31, 2016","70.00","69.50","70.50","69.25","2.84M","0.36%"
"Oct 28, 2016","69.75","70.50","70.50","69.25","3.36M","-0.71%"
"Oct 27, 2016","70.25","69.50","70.25","69.50","2.96M","0.36%"
"Oct 26, 2016","70.00","71.50","71.75","70.00","5.07M","-2.44%"
"Oct 25, 2016","71.75","70.00","72.00","70.00","10.47M","2.87%"
"Oct 21, 2016","69.75","69.25","69.75","69.00","5.33M","0.72%"
"Oct 20, 2016","69.25","69.75","70.00","69.25","3.99M","0.00%"
"Oct 19, 2016","69.25","69.50","70.25","68.75","5.78M","-0.36%"
"Oct 18, 2016","69.50","70.00","70.25","69.25","8.78M","-1.07%"
"Oct 17, 2016","70.25","69.00","70.50","68.75","6.23M","2.18%"
"Oct 14, 2016","68.75","68.75","70.50","68.75","9.61M","1.48%"
"Oct 13, 2016","67.75","67.50","68.75","64.00","15.53M","-1.09%"
"Oct 12, 2016","68.50","67.75","68.50","63.75","14.54M","-1.44%"
"Oct 11, 2016","69.50","68.25","69.50","68.00","7.54M","2.21%"
"Oct 10, 2016","68.00","69.25","70.50","68.00","5.43M","-4.23%"
"Oct 07, 2016","71.00","71.50","71.75","71.00","3.44M","-1.39%"
"Oct 06, 2016","72.00","71.50","72.00","71.00","7.74M","0.70%"
"Oct 05, 2016","71.50","70.75","71.75","70.25","5.49M","1.42%"
"Oct 04, 2016","70.50","70.00","70.50","69.50","7.49M","1.08%"
"Oct 03, 2016","69.75","68.75","70.25","68.75","3.76M","1.82%"
"Sep 30, 2016","68.50","70.25","70.25","68.50","6.35M","-2.84%"
"Sep 29, 2016","70.50","70.00","70.75","69.75","10.83M","2.55%"
"Sep 28, 2016","68.75","68.00","69.50","67.75","5.27M","1.10%"
"Sep 27, 2016","68.00","68.50","68.75","67.25","4.84M","-0.37%"
"Sep 26, 2016","68.25","67.50","68.50","66.75","3.00M","0.00%"
"Sep 23, 2016","68.25","69.25","69.50","67.50","4.55M","-2.15%"
"Sep 22, 2016","69.75","69.00","69.75","69.00","3.41M","1.45%"
"Sep 21, 2016","68.75","69.00","69.75","68.75","3.73M","0.36%"
"Sep 20, 2016","68.50","69.75","69.75","68.00","4.52M","-1.79%"
"Sep 19, 2016","69.75","67.00","70.00","66.50","4.39M","4.49%"
"Sep 16, 2016","66.75","66.25","67.00","66.00","8.15M","0.75%"
"Sep 15, 2016","66.25","65.50","67.00","65.25","3.43M","0.76%"
"Sep 14, 2016","65.75","67.00","67.25","65.75","3.73M","-2.23%"
"Sep 13, 2016","67.25","65.00","67.25","64.75","7.01M","3.86%"
"Sep 12, 2016","64.75","64.50","65.25","64.00","5.64M","-1.52%"
"Sep 09, 2016","65.75","65.50","66.75","64.75","7.54M","0.77%"
"Sep 08, 2016","65.25","67.75","67.75","65.25","10.12M","-5.43%"
"Sep 07, 2016","69.00","69.25","70.00","69.00","4.86M","-0.36%"
"Sep 06, 2016","69.25","69.25","69.75","69.00","6.27M","-0.36%"
"Sep 05, 2016","69.50","71.00","71.25","69.00","7.09M","-1.77%"
"Sep 02, 2016","70.75","71.25","71.75","70.75","6.83M","-1.05%"
"Sep 01, 2016","71.50","71.50","72.00","70.75","8.09M","1.06%"
"Aug 31, 2016","70.75","71.50","71.75","69.50","11.15M","-1.05%"
"Aug 30, 2016","71.50","70.00","72.50","70.00","17.89M","2.51%"
"Aug 29, 2016","69.75","69.00","69.75","68.75","4.67M","0.72%"
"Aug 26, 2016","69.25","69.00","69.75","68.25","7.81M","-0.36%"
"Aug 25, 2016","69.50","68.00","69.50","67.75","10.32M","2.21%"
"Aug 24, 2016","68.00","67.75","68.00","66.50","8.15M","0.74%"
"Aug 23, 2016","67.50","67.50","67.50","66.50","12.67M","-1.10%"
"Aug 22, 2016","68.25","67.00","68.50","66.75","8.55M","3.02%"
"Aug 19, 2016","66.25","68.25","68.50","66.00","7.50M","-2.93%"
"Aug 18, 2016","68.25","68.25","68.25","67.50","3.21M","1.87%"
"Aug 17, 2016","67.00","67.50","68.50","67.00","5.75M","-0.74%"
"Aug 16, 2016","67.50","68.00","68.00","66.75","7.16M","0.75%"
"Aug 15, 2016","67.00","65.50","67.75","65.00","10.00M","1.90%"
"Aug 11, 2016","65.75","65.50","66.25","64.50","10.15M","0.38%"
"Aug 10, 2016","65.50","65.50","66.00","64.25","16.14M","1.16%"
"Aug 09, 2016","64.75","62.75","64.75","62.75","20.63M","4.02%"
"Aug 08, 2016","62.25","61.75","62.25","61.50","6.19M","1.63%"
"Aug 05, 2016","61.25","61.50","61.75","60.50","4.30M","0.00%"
"Aug 04, 2016","61.25","60.25","61.25","60.25","4.53M","2.08%"
"Aug 03, 2016","60.00","60.25","60.75","59.75","8.17M","0.00%"
"Aug 02, 2016","60.00","60.00","60.50","60.00","3.95M","0.00%"
"Aug 01, 2016","60.00","61.75","62.00","60.00","7.33M","-1.23%"
"Jul 29, 2016","60.75","60.75","61.50","60.50","5.58M","0.00%"
"Jul 28, 2016","60.75","61.25","61.50","60.50","11.57M","-1.22%"
"Jul 27, 2016","61.50","61.75","62.00","61.25","3.80M","-0.40%"
"Jul 26, 2016","61.75","61.50","62.00","61.00","4.28M","0.82%"
"Jul 25, 2016","61.25","61.00","62.00","61.00","5.01M","-0.41%"
"Jul 22, 2016","61.50","61.25","62.00","61.00","7.00M","0.82%"
"Jul 21, 2016","61.00","62.00","62.50","61.00","6.99M","-1.61%"
"Jul 20, 2016","62.00","63.50","63.50","61.25","12.77M","-1.59%"
"Jul 15, 2016","63.00","62.25","63.00","61.75","7.39M","2.02%"
"Jul 14, 2016","61.75","60.50","62.25","60.50","4.80M","1.65%"
"Jul 13, 2016","60.75","60.25","61.25","60.25","7.23M","0.83%"
"Jul 12, 2016","60.25","60.25","61.00","60.00","4.14M","0.00%"
"Jul 11, 2016","60.25","60.25","60.25","59.75","3.94M","1.26%"
"Jul 08, 2016","59.50","59.00","60.00","58.75","4.83M","0.00%"
"Jul 07, 2016","59.50","59.50","60.25","59.25","4.28M","-0.42%"
"Jul 06, 2016","59.75","58.50","60.25","58.25","6.73M","0.84%"
"Jul 05, 2016","59.25","60.50","60.50","59.25","7.75M","-3.27%"
"Jul 04, 2016","61.25","60.50","61.25","60.50","2.06M","2.08%"
"Jun 30, 2016","60.00","60.00","60.50","59.50","7.43M","0.42%"
"Jun 29, 2016","59.75","60.00","60.50","59.50","4.22M","0.00%"
"Jun 28, 2016","59.75","58.50","59.75","58.25","5.27M","2.14%"
"Jun 27, 2016","58.50","57.00","58.75","57.00","4.32M","1.74%"
"Jun 24, 2016","57.50","57.75","58.00","55.50","14.52M","-2.13%"
"Jun 23, 2016","58.75","58.75","59.50","58.00","11.01M","0.43%"
"Jun 22, 2016","58.50","59.75","60.50","57.50","7.15M","-2.09%"
"Jun 21, 2016","59.75","61.75","62.00","59.75","10.99M","-3.24%"
"Jun 20, 2016","61.75","61.75","62.75","61.50","3.45M","0.41%"
"Jun 17, 2016","61.50","62.00","62.25","61.00","4.85M","-0.81%"
"Jun 16, 2016","62.00","63.25","63.50","61.50","6.03M","-2.75%"
"Jun 15, 2016","63.75","63.25","63.75","63.00","2.61M","1.19%"
"Jun 14, 2016","63.00","63.25","63.50","62.50","4.85M","-0.40%"
"Jun 13, 2016","63.25","63.25","64.00","63.00","3.02M","-1.17%"
"Jun 10, 2016","64.00","64.25","64.50","63.25","2.58M","-0.78%"
"Jun 09, 2016","64.50","64.00","64.75","64.00","4.98M","0.78%"
"Jun 08, 2016","64.00","63.75","64.00","63.00","3.67M","0.00%"
"Jun 07, 2016","64.00","65.00","65.25","64.00","3.98M","-1.54%"
"Jun 06, 2016","65.00","65.50","66.00","64.50","3.82M","-1.89%"
"Jun 03, 2016","66.25","64.75","66.25","64.50","6.22M","3.11%"
"Jun 02, 2016","64.25","63.00","65.00","63.00","5.02M","2.39%"
"Jun 01, 2016","62.75","63.50","64.00","62.75","2.87M","-1.18%"
"May 31, 2016","63.50","63.50","64.50","63.25","7.10M","0.40%"
"May 30, 2016","63.25","64.00","64.00","63.00","4.04M","-0.78%"
"May 27, 2016","63.75","63.50","64.00","63.25","3.06M","0.79%"
"May 26, 2016","63.25","63.50","64.00","63.25","3.97M","-0.39%"
"May 25, 2016","63.50","64.25","64.50","63.00","4.26M","-0.78%"
"May 24, 2016","64.00","62.75","64.25","62.50","5.38M","1.99%"
"May 23, 2016","62.75","62.75","64.00","62.25","4.36M","0.00%"
"May 19, 2016","62.75","65.75","66.00","62.75","10.77M","-5.28%"
"May 18, 2016","66.25","66.25","67.00","66.00","2.94M","-0.75%"
"May 17, 2016","66.75","67.50","67.75","66.50","2.36M","-1.48%"
"May 16, 2016","67.75","67.00","67.75","66.25","7.45M","1.12%"
"May 13, 2016","67.00","64.25","67.25","64.00","7.61M","3.88%"
"May 12, 2016","64.50","64.25","64.50","63.50","3.77M","0.39%"
"May 11, 2016","64.25","63.75","65.00","63.00","10.20M","1.18%"
"May 10, 2016","63.50","62.50","64.25","62.00","9.78M","2.42%"
"May 09, 2016","62.00","62.75","63.50","61.75","10.08M","-2.75%"
"May 04, 2016","63.75","65.25","65.50","63.00","7.03M","-3.77%"
"May 03, 2016","66.25","66.25","67.00","65.50","4.66M","0.38%"
"Apr 29, 2016","66.00","64.25","66.00","64.00","6.05M","1.54%"
"Apr 28, 2016","65.00","66.50","66.75","64.50","7.57M","-1.52%"
"Apr 27, 2016","66.00","67.00","67.25","65.50","5.37M","-1.49%"
"Apr 26, 2016","67.00","66.00","67.00","65.50","5.34M","1.52%"
"Apr 25, 2016","66.00","67.00","67.50","65.50","5.15M","-0.75%"
"Apr 22, 2016","66.50","68.00","68.50","66.50","9.89M","-1.12%"
"Apr 21, 2016","67.25","67.25","68.25","67.00","8.56M","0.00%"
"Apr 20, 2016","67.25","67.75","68.00","66.25","16.37M","-1.82%"
"Apr 19, 2016","68.50","70.75","71.00","67.75","19.32M","-4.86%"
"Apr 18, 2016","72.00","71.00","72.00","70.00","9.60M","2.86%"
"Apr 12, 2016","70.00","69.75","70.00","69.50","3.54M","1.08%"
"Apr 11, 2016","69.25","69.25","70.00","69.00","2.50M","0.00%"
"Apr 08, 2016","69.25","68.75","69.50","67.50","2.96M","0.73%"
"Apr 07, 2016","68.75","68.25","68.75","66.50","5.78M","1.85%"
"Apr 05, 2016","67.50","68.75","69.00","67.50","4.67M","-2.53%"
"Apr 04, 2016","69.25","69.75","69.75","68.75","2.37M","0.00%"
"Apr 01, 2016","69.25","69.75","70.00","68.75","4.34M","0.00%"
"Mar 31, 2016","69.25","69.50","70.50","68.50","7.61M","0.36%"
"Mar 30, 2016","69.00","68.50","69.75","68.50","7.95M","0.73%"
"Mar 29, 2016","68.50","67.75","68.50","67.00","5.86M","1.86%"
"Mar 28, 2016","67.25","66.75","67.25","66.50","983.60K","0.75%"
"Mar 25, 2016","66.75","67.25","68.75","66.75","2.24M","-1.11%"
"Mar 24, 2016","67.50","68.50","69.00","66.25","6.04M","-2.17%"
"Mar 23, 2016","69.00","68.75","69.00","68.00","3.62M","0.36%"
"Mar 22, 2016","68.75","68.50","69.25","68.00","5.50M","-0.72%"
"Mar 21, 2016","69.25","70.00","70.00","68.50","3.44M","-1.07%"
"Mar 18, 2016","70.00","69.00","70.25","68.50","13.95M","0.72%"
"Mar 17, 2016","69.50","67.75","70.75","67.50","21.76M","3.35%"
"Mar 16, 2016","67.25","66.75","67.75","66.75","6.48M","0.37%"
"Mar 15, 2016","67.00","67.50","68.00","67.00","5.71M","-1.11%"
"Mar 14, 2016","67.75","68.00","68.75","66.75","7.51M","0.00%"
"Mar 11, 2016","67.75","68.25","68.25","67.50","5.93M","-0.73%"
"Mar 10, 2016","68.25","67.75","68.75","67.25","6.06M","0.37%"
"Mar 09, 2016","68.00","69.50","70.00","67.25","8.02M","1.49%"
"Mar 08, 2016","67.00","68.00","68.00","66.00","8.48M","-1.47%"
"Mar 07, 2016","68.00","65.25","68.00","65.25","8.83M","5.02%"
"Mar 04, 2016","64.75","67.00","67.25","64.50","6.24M","-2.26%"
"Mar 03, 2016","66.25","66.25","68.00","65.25","12.00M","1.15%"
"Mar 02, 2016","65.50","66.25","66.25","65.00","5.96M","-0.38%"
"Mar 01, 2016","65.75","64.00","65.75","63.75","10.34M","3.54%"
"Feb 29, 2016","63.50","64.00","64.50","63.50","2.44M","-1.17%"
"Feb 26, 2016","64.25","64.00","64.50","63.25","4.21M","1.18%"
"Feb 25, 2016","63.50","63.00","63.50","62.25","8.31M","1.60%"
"Feb 24, 2016","62.50","62.25","62.75","61.50","6.47M","-2.34%"
"Feb 23, 2016","64.00","63.50","64.00","63.00","10.65M","0.79%"
"Feb 19, 2016","63.50","63.75","64.00","62.25","10.79M","-0.39%"
"Feb 18, 2016","63.75","63.25","65.00","63.00","12.16M","2.00%"
"Feb 17, 2016","62.50","61.00","62.50","60.75","8.52M","2.88%"
"Feb 16, 2016","60.75","59.75","62.25","59.50","14.76M","2.97%"
"Feb 15, 2016","59.00","59.00","60.25","58.00","19.31M","1.72%"
"Feb 12, 2016","58.00","60.00","60.75","56.00","15.56M","-3.73%"
"Feb 11, 2016","60.25","64.00","64.50","60.25","14.13M","-4.74%"
"Feb 10, 2016","63.25","63.75","64.25","63.00","5.51M","-1.56%"
"Feb 09, 2016","64.25","64.25","64.50","63.50","4.88M","-0.39%"
"Feb 08, 2016","64.50","65.00","65.00","64.50","2.28M","-0.39%"
"Feb 05, 2016","64.75","64.75","65.50","64.50","6.23M","0.00%"
"Feb 04, 2016","64.75","63.75","65.00","63.75","5.62M","0.00%"
"Feb 03, 2016","64.75","63.25","64.75","63.25","5.72M","2.37%"
"Feb 02, 2016","63.25","64.50","65.00","63.25","8.74M","-1.94%"
"Feb 01, 2016","64.50","64.00","64.75","63.00","9.43M","0.39%"
"Jan 29, 2016","64.25","64.00","64.50","63.50","7.92M","0.39%"
"Jan 28, 2016","64.00","66.75","67.00","62.75","15.35M","-4.48%"
"Jan 27, 2016","67.00","65.50","67.25","65.00","12.15M","2.68%"
"Jan 26, 2016","65.25","64.50","65.75","64.50","3.84M","0.00%"
"Jan 25, 2016","65.25","66.75","67.25","65.25","6.53M","-1.51%"
"Jan 22, 2016","66.25","64.75","66.75","64.00","10.87M","2.71%"
"Jan 21, 2016","64.50","65.00","66.00","63.75","9.55M","-0.39%"
"Jan 20, 2016","64.75","64.75","65.50","64.50","6.67M","-0.77%"
"Jan 19, 2016","65.25","65.75","66.00","64.50","6.35M","-1.51%"
"Jan 18, 2016","66.25","67.25","67.50","66.00","4.79M","-1.49%"
"Jan 15, 2016","67.25","67.00","68.50","66.75","9.33M","1.13%"
"Jan 14, 2016","66.50","66.00","67.00","65.00","6.31M","0.76%"
"Jan 13, 2016","66.00","66.00","66.75","65.50","12.25M","1.54%"
"Jan 12, 2016","65.00","65.00","65.50","64.50","8.30M","0.39%"
"Jan 11, 2016","64.75","63.50","65.75","63.25","8.81M","1.17%"
"Jan 08, 2016","64.00","63.50","65.00","63.00","6.47M","1.99%"
"Jan 07, 2016","62.75","64.50","64.75","62.75","9.79M","-3.46%"
"Jan 06, 2016","65.00","64.00","65.00","63.25","4.00M","0.39%"
"Jan 05, 2016","64.75","63.50","64.75","62.50","7.03M","3.19%"
"Jan 04, 2016","62.75","65.25","65.25","62.25","4.00M","-4.92%"
"Dec 30, 2015","66.00","64.50","66.00","64.25","5.38M","2.72%"
"Dec 29, 2015","64.25","63.50","64.25","63.00","2.18M","-0.39%"
"Dec 28, 2015","64.50","63.25","64.75","63.25","1.81M","1.57%"
"Dec 25, 2015","63.50","63.75","64.00","62.25","1.51M","-0.78%"
"Dec 24, 2015","64.00","65.00","65.00","63.50","3.52M","-1.16%"
"Dec 23, 2015","64.75","63.50","65.00","63.50","7.39M","2.78%"
"Dec 22, 2015","63.00","62.50","63.00","61.50","5.19M","2.86%"
"Dec 21, 2015","61.25","61.00","63.00","60.50","6.51M","1.24%"
"Dec 18, 2015","60.50","60.50","60.50","60.00","5.25M","-0.41%"
"Dec 17, 2015","60.75","61.50","62.00","59.75","5.50M","-1.62%"
"Dec 16, 2015","61.75","60.25","62.25","60.00","7.90M","2.92%"
"Dec 15, 2015","60.00","58.00","60.00","57.75","9.72M","4.80%"
"Dec 14, 2015","57.25","58.25","58.25","56.50","4.01M","-2.14%"
"Dec 11, 2015","58.50","58.00","58.50","57.50","6.87M","0.86%"
"Dec 09, 2015","58.00","57.25","58.50","57.25","8.20M","1.31%"
"Dec 08, 2015","57.25","56.25","58.00","56.00","12.85M","-2.97%"
"Dec 04, 2015","59.00","59.00","59.25","58.75","4.99M","-1.26%"
"Dec 03, 2015","59.75","59.50","60.00","58.50","8.01M","0.00%"
"Dec 02, 2015","59.75","61.00","61.25","59.50","9.15M","-0.42%"
"Dec 01, 2015","60.00","59.25","62.00","59.00","17.88M","2.56%"
"Nov 30, 2015","58.50","60.00","60.75","58.25","9.35M","-4.10%"
"Nov 27, 2015","61.00","59.00","61.00","58.50","3.60M","3.83%"
"Nov 26, 2015","58.75","61.50","61.50","58.50","4.29M","-4.08%"
"Nov 25, 2015","61.25","62.00","62.00","61.00","9.54M","0.41%"
"Nov 24, 2015","61.00","61.75","62.50","60.25","8.32M","0.00%"
"Nov 23, 2015","61.00","63.00","63.00","60.75","7.48M","-2.01%"
"Nov 20, 2015","62.25","62.50","63.00","62.25","3.80M","-0.40%"
"Nov 19, 2015","62.50","61.75","63.50","61.50","10.82M","1.21%"
"Nov 18, 2015","61.75","61.50","62.25","61.00","9.73M","0.41%"
"Nov 17, 2015","61.50","62.25","62.50","60.50","14.86M","0.41%"
"Nov 16, 2015","61.25","59.50","62.25","58.75","18.39M","2.51%"
"Nov 13, 2015","59.75","57.50","60.25","57.50","17.75M","2.58%"
"Nov 12, 2015","58.25","57.00","58.75","56.50","13.94M","2.64%"
"Nov 11, 2015","56.75","55.50","58.00","55.50","10.18M","2.71%"
"Nov 10, 2015","55.25","54.50","55.50","54.25","2.17M","0.91%"
"Nov 09, 2015","54.75","55.75","56.00","54.50","2.83M","-2.23%"
"Nov 06, 2015","56.00","54.50","56.00","54.25","4.16M","1.82%"
"Nov 05, 2015","55.00","55.50","55.75","55.00","2.21M","-1.35%"
"Nov 04, 2015","55.75","56.25","56.50","55.75","3.57M","0.00%"
"Nov 03, 2015","55.75","56.25","56.25","55.25","1.44M","-0.45%"
"Nov 02, 2015","56.00","54.50","56.25","54.25","3.41M","3.23%"
"Oct 30, 2015","54.25","54.00","54.75","54.00","4.74M","0.00%"
"Oct 29, 2015","54.25","55.00","56.00","54.25","3.33M","-1.81%"
"Oct 28, 2015","55.25","55.50","55.75","54.25","3.56M","-1.34%"
"Oct 27, 2015","56.00","56.50","56.50","55.50","2.11M","-1.32%"
"Oct 26, 2015","56.75","56.75","57.00","55.75","5.10M","1.79%"
"Oct 22, 2015","55.75","56.25","56.75","55.00","2.95M","-1.33%"
"Oct 21, 2015","56.50","57.00","57.00","56.25","1.98M","0.00%"
"Oct 20, 2015","56.50","56.50","57.00","56.00","2.21M","-0.88%"
"Oct 19, 2015","57.00","56.50","57.00","56.00","3.34M","2.24%"
"Oct 16, 2015","55.75","55.75","56.00","55.00","8.29M","1.83%"
"Oct 15, 2015","54.75","54.50","55.00","54.25","4.44M","0.46%"
"Oct 14, 2015","54.50","54.50","55.00","54.25","3.99M","-0.91%"
"Oct 13, 2015","55.00","55.00","55.25","53.75","8.81M","-0.90%"
"Oct 12, 2015","55.50","56.00","56.50","55.00","3.07M","-1.33%"
"Oct 09, 2015","56.25","57.00","57.75","55.75","7.94M","0.45%"
"Oct 08, 2015","56.00","56.75","57.00","55.75","8.75M","-2.18%"
"Oct 07, 2015","57.25","57.00","57.75","56.50","11.73M","2.23%"
"Oct 06, 2015","56.00","55.75","57.75","55.50","10.38M","0.90%"
"Oct 05, 2015","55.50","53.25","55.50","53.00","13.26M","6.22%"
"Oct 02, 2015","52.25","53.25","53.25","52.00","2.66M","-1.88%"
"Oct 01, 2015","53.25","52.50","53.75","52.50","3.27M","0.95%"
"Sep 30, 2015","52.75","52.00","52.75","51.75","4.00M","2.43%"
"Sep 29, 2015","51.50","52.25","52.50","51.50","5.96M","-1.44%"
"Sep 28, 2015","52.25","52.25","53.00","52.25","1.87M","-0.95%"
"Sep 25, 2015","52.75","53.00","53.00","52.00","3.75M","-0.47%"
"Sep 24, 2015","53.00","51.75","53.50","51.50","5.30M","0.95%"
"Sep 23, 2015","52.50","52.00","52.75","51.50","5.67M","0.96%"
"Sep 22, 2015","52.00","51.75","52.50","51.25","8.98M","0.97%"
"Sep 21, 2015","51.50","53.00","53.25","51.25","7.30M","-3.74%"
"Sep 18, 2015","53.50","53.00","54.50","53.00","8.43M","1.90%"
"Sep 17, 2015","52.50","52.75","53.00","52.00","5.82M","0.48%"
"Sep 16, 2015","52.25","52.25","52.50","51.50","5.46M","2.45%"
"Sep 15, 2015","51.00","52.00","53.00","50.75","4.62M","-2.39%"
"Sep 14, 2015","52.25","53.50","53.50","51.75","2.33M","-0.95%"
"Sep 11, 2015","52.75","52.75","53.75","52.25","8.18M","1.44%"
"Sep 10, 2015","52.00","50.25","52.00","49.75","7.29M","1.46%"
"Sep 09, 2015","51.25","49.50","51.75","49.50","12.56M","5.13%"
"Sep 08, 2015","48.75","49.00","49.00","48.25","3.22M","-0.51%"
"Sep 07, 2015","49.00","48.75","49.25","48.75","1.95M","0.00%"
"Sep 04, 2015","49.00","49.00","49.50","48.75","2.81M","-1.01%"
"Sep 03, 2015","49.50","49.50","49.75","49.00","1.53M","0.51%"
"Sep 02, 2015","49.25","49.00","49.75","48.75","4.62M","0.00%"
"Sep 01, 2015","49.25","51.00","51.25","49.00","5.31M","-4.37%"
"Aug 31, 2015","51.50","50.75","51.50","50.00","4.41M","2.49%"
"Aug 28, 2015","50.25","51.00","52.00","49.25","9.09M","2.55%"
"Aug 27, 2015","49.00","48.75","49.00","47.75","7.84M","2.62%"
"Aug 26, 2015","47.75","46.75","49.00","46.25","7.41M","1.06%"
"Aug 25, 2015","47.25","45.75","47.75","44.75","9.09M","5.59%"
"Aug 24, 2015","44.75","46.75","47.25","44.50","7.57M","-6.77%"
"Aug 21, 2015","48.00","48.50","49.00","47.25","7.05M","-2.04%"
"Aug 20, 2015","49.00","49.25","49.75","48.75","6.36M","-1.01%"
"Aug 19, 2015","49.50","49.00","50.00","48.50","5.19M","2.59%"
"Aug 18, 2015","48.25","48.50","49.25","47.75","5.55M","-2.53%"
"Aug 17, 2015","49.50","48.75","50.25","48.50","5.95M","2.06%"
"Aug 14, 2015","48.50","47.75","48.75","47.50","4.70M","2.11%"
"Aug 13, 2015","47.50","47.25","47.75","46.75","10.02M","0.53%"
"Aug 11, 2015","47.25","48.75","48.75","47.25","6.69M","-0.53%"
"Aug 10, 2015","47.50","48.00","48.50","47.50","3.82M","-2.06%"
"Aug 07, 2015","48.50","48.25","48.50","48.00","2.68M","0.00%"
"Aug 06, 2015","48.50","48.50","48.75","47.75","4.64M","0.00%"
"Aug 05, 2015","48.50","48.75","49.00","48.00","3.34M","0.52%"
"Aug 04, 2015","48.25","48.75","48.75","47.75","4.44M","-1.03%"
"Aug 03, 2015","48.75","48.25","49.00","48.00","4.56M","1.04%"
"Jul 31, 2015","48.25","48.75","49.00","47.50","12.30M","2.12%"
"Jul 29, 2015","47.25","49.50","49.75","45.50","14.57M","-3.57%"
"Jul 28, 2015","49.00","50.00","50.75","48.50","7.96M","-2.00%"
"Jul 27, 2015","50.00","51.75","52.00","49.50","7.63M","-3.85%"
"Jul 24, 2015","52.00","52.75","53.00","51.75","4.94M","-0.95%"
"Jul 23, 2015","52.50","52.75","53.75","52.50","4.15M","-0.94%"
"Jul 22, 2015","53.00","53.25","53.50","52.75","6.48M","-0.47%"
"Jul 21, 2015","53.25","53.75","54.00","53.00","3.32M","-1.39%"
"Jul 20, 2015","54.00","54.50","55.00","53.50","2.50M","-0.46%"
"Jul 17, 2015","54.25","54.50","54.75","54.25","2.09M","-0.91%"
"Jul 16, 2015","54.75","54.50","54.75","54.25","1.60M","0.92%"
"Jul 15, 2015","54.25","54.25","55.25","54.00","5.11M","0.00%"
"Jul 14, 2015","54.25","54.50","55.00","54.25","3.93M","-0.46%"
"Jul 13, 2015","54.50","54.75","55.50","54.50","6.53M","0.00%"
"Jul 10, 2015","54.50","54.50","55.00","54.00","1.99M","0.46%"
"Jul 09, 2015","54.25","53.00","54.75","52.75","6.74M","2.84%"
"Jul 08, 2015","52.75","53.75","54.00","52.75","6.46M","-2.76%"
"Jul 07, 2015","54.25","54.00","54.75","53.75","2.99M","0.93%"
"Jul 06, 2015","53.75","54.25","54.50","53.50","5.34M","-1.83%"
"Jul 03, 2015","54.75","55.00","55.25","53.50","5.98M","-0.45%"
"Jul 02, 2015","55.00","55.25","56.25","54.75","8.99M","0.00%"
"Jun 30, 2015","55.00","55.25","55.50","54.75","6.24M","-0.45%"
"Jun 29, 2015","55.25","55.00","55.75","54.50","10.85M","-1.34%"
"Jun 26, 2015","56.00","56.75","56.75","55.25","5.49M","-0.88%"
"Jun 25, 2015","56.50","56.75","58.00","56.00","16.69M","0.00%"
"Jun 24, 2015","56.50","55.00","56.50","54.75","16.82M","4.15%"
"Jun 23, 2015","54.25","54.25","54.50","53.50","7.78M","0.46%"
"Jun 22, 2015","54.00","52.75","54.00","52.75","3.36M","2.37%"
"Jun 19, 2015","52.75","52.75","54.00","52.75","8.30M","0.00%"
"Jun 18, 2015","52.75","52.75","53.00","52.50","3.26M","0.00%"
"Jun 17, 2015","52.75","53.00","53.50","52.75","3.66M","-0.47%"
"Jun 16, 2015","53.00","53.00","53.25","52.50","2.77M","0.95%"
"Jun 15, 2015","52.50","52.50","53.00","52.25","1.86M","-0.47%"
"Jun 12, 2015","52.75","53.00","53.00","52.50","4.41M","-0.47%"
"Jun 11, 2015","53.00","53.50","53.75","52.75","3.78M","0.00%"
"Jun 10, 2015","53.00","52.50","53.50","52.50","3.61M","1.44%"
"Jun 09, 2015","52.25","53.00","53.25","52.00","5.37M","-1.88%"
"Jun 08, 2015","53.25","53.25","53.75","52.75","3.32M","-0.47%"
"Jun 05, 2015","53.50","53.25","53.50","52.75","3.86M","-0.47%"
"Jun 04, 2015","53.75","52.75","53.75","52.50","4.23M","1.42%"
"Jun 03, 2015","53.00","53.00","53.25","52.50","4.24M","0.47%"
"Jun 02, 2015","52.75","53.75","53.75","52.50","4.30M","-1.40%"
"May 29, 2015","53.50","52.50","53.50","52.25","8.20M","1.90%"
"May 28, 2015","52.50","52.75","53.25","52.25","4.98M","-0.47%"
"May 27, 2015","52.75","52.25","53.00","52.00","5.75M","0.00%"
"May 26, 2015","52.75","52.50","53.25","52.25","4.53M","0.96%"
"May 25, 2015","52.25","54.25","54.25","52.25","3.86M","-3.24%"
"May 22, 2015","54.00","54.25","55.25","53.50","9.97M","0.93%"
"May 21, 2015","53.50","53.00","54.50","52.75","5.60M","1.42%"
"May 20, 2015","52.75","53.50","54.00","52.75","8.76M","-2.76%"
"May 19, 2015","54.25","52.50","54.50","52.50","10.85M","3.83%"
"May 18, 2015","52.25","52.00","53.00","52.00","10.01M","0.48%"
"May 15, 2015","52.00","52.00","52.00","51.50","7.59M","0.48%"
"May 14, 2015","51.75","52.00","52.75","51.50","10.99M","-0.48%"
"May 13, 2015","52.00","53.00","53.25","51.25","11.25M","-0.95%"
"May 12, 2015","52.50","55.00","55.25","51.50","11.83M","-4.11%"
"May 11, 2015","54.75","56.50","56.50","54.25","7.86M","-2.67%"
"May 08, 2015","56.25","55.25","57.00","55.00","4.35M","1.81%"
"May 07, 2015","55.25","58.75","58.75","55.00","9.59M","-5.96%"
"May 06, 2015","58.75","59.00","59.25","58.25","5.99M","0.43%"
"Apr 30, 2015","58.50","57.00","59.25","57.00","9.47M","2.63%"
"Apr 29, 2015","57.00","55.75","57.50","55.50","7.39M","2.24%"
"Apr 28, 2015","55.75","55.75","56.25","55.25","10.25M","0.90%"
"Apr 27, 2015","55.25","56.00","56.50","55.25","3.86M","-1.34%"
"Apr 24, 2015","56.00","55.75","56.25","54.75","6.17M","1.36%"
"Apr 23, 2015","55.25","57.00","57.25","55.25","6.09M","-2.64%"
"Apr 22, 2015","56.75","57.25","58.50","56.25","7.46M","-0.44%"
"Apr 21, 2015","57.00","57.00","57.25","56.25","5.74M","0.00%"
"Apr 20, 2015","57.00","59.00","59.00","56.75","4.58M","-2.98%"
"Apr 17, 2015","58.75","58.75","60.00","58.25","8.01M","0.43%"
"Apr 16, 2015","58.50","57.00","59.00","57.00","15.55M","7.34%"
"Apr 10, 2015","54.50","55.50","55.50","53.75","3.88M","-0.91%"
"Apr 09, 2015","55.00","54.75","55.75","54.50","3.41M","0.46%"
"Apr 08, 2015","54.75","56.25","57.00","54.50","7.82M","-2.23%"
"Apr 07, 2015","56.00","54.50","56.00","54.25","14.21M","4.19%"
"Apr 03, 2015","53.75","54.25","54.25","53.50","1.54M","-0.46%"
"Apr 02, 2015","54.00","52.00","54.25","52.00","12.33M","4.35%"
"Apr 01, 2015","51.75","51.75","52.50","51.50","7.95M","-0.48%"
"Mar 31, 2015","52.00","52.00","52.50","51.50","5.05M","0.00%"
"Mar 30, 2015","52.00","51.50","52.25","51.25","5.80M","0.97%"
"Mar 27, 2015","51.50","51.00","51.75","51.00","4.27M","0.49%"
"Mar 26, 2015","51.25","51.00","52.00","50.50","5.31M","0.00%"
"Mar 25, 2015","51.25","52.00","52.00","51.25","3.05M","-1.44%"
"Mar 24, 2015","52.00","51.75","52.00","51.25","3.35M","0.00%"
"Mar 23, 2015","52.00","53.25","53.75","51.50","4.48M","-2.35%"
"Mar 20, 2015","53.25","53.50","54.25","53.00","3.00M","0.00%"
"Mar 19, 2015","53.25","54.75","55.00","53.25","2.91M","-2.29%"
"Mar 18, 2015","54.50","53.00","54.75","52.75","10.70M","3.81%"
"Mar 17, 2015","52.50","51.75","52.75","51.25","3.24M","2.44%"
"Mar 16, 2015","51.25","51.75","51.75","51.25","3.01M","-2.38%"
"Mar 13, 2015","52.50","52.25","52.75","52.00","3.45M","0.48%"
"Mar 12, 2015","52.25","52.50","53.25","52.00","5.82M","-2.34%"
"Mar 11, 2015","53.50","51.50","54.25","51.50","7.57M","1.90%"
"Mar 10, 2015","52.50","55.25","55.25","52.50","5.28M","-4.55%"
"Mar 09, 2015","55.00","55.75","56.25","54.50","5.77M","-3.08%"
"Mar 06, 2015","56.75","54.50","57.00","54.25","12.17M","4.13%"
"Mar 05, 2015","54.50","54.25","54.50","53.75","9.09M","1.40%"
"Mar 03, 2015","53.75","54.00","54.25","53.75","4.41M","-0.46%"
"Mar 02, 2015","54.00","52.75","55.00","52.75","8.65M","2.86%"
"Feb 27, 2015","52.50","51.75","52.50","51.25","2.39M","1.45%"
"Feb 26, 2015","51.75","51.25","51.75","51.25","4.03M","0.98%"
"Feb 25, 2015","51.25","51.75","52.00","51.25","1.80M","-0.49%"
"Feb 24, 2015","51.50","51.50","52.00","51.25","2.73M","0.00%"
"Feb 23, 2015","51.50","52.00","52.25","51.25","1.48M","-0.96%"
"Feb 20, 2015","52.00","52.00","52.25","51.25","1.84M","0.48%"
"Feb 19, 2015","51.75","52.25","52.50","50.75","5.69M","-1.90%"
"Feb 18, 2015","52.75","52.50","53.00","52.25","2.25M","0.48%"
"Feb 17, 2015","52.50","53.00","53.25","52.50","3.11M","-0.94%"
"Feb 16, 2015","53.00","53.00","53.25","52.75","3.28M","0.47%"
"Feb 13, 2015","52.75","52.50","52.75","52.00","4.53M","1.93%"
"Feb 12, 2015","51.75","51.75","51.75","51.25","3.99M","-0.48%"
"Feb 11, 2015","52.00","51.50","52.00","51.25","3.02M","0.00%"
"Feb 10, 2015","52.00","52.50","52.50","51.75","4.24M","0.48%"
"Feb 09, 2015","51.75","51.25","52.00","51.25","2.13M","-0.48%"
"Feb 06, 2015","52.00","51.25","52.00","50.75","4.58M","3.48%"
"Feb 05, 2015","50.25","50.25","50.50","49.25","6.57M","-1.95%"
"Feb 04, 2015","51.25","53.25","53.50","51.25","6.21M","-2.84%"
"Feb 03, 2015","52.75","52.50","52.75","52.00","5.40M","1.44%"
"Feb 02, 2015","52.00","52.00","52.50","51.50","6.08M","1.46%"
"Jan 30, 2015","51.25","50.25","51.75","50.00","8.94M","1.49%"
"Jan 29, 2015","50.50","49.00","51.50","49.00","9.08M","2.54%"
"Jan 28, 2015","49.25","48.50","49.50","48.50","2.80M","1.55%"
"Jan 27, 2015","48.50","48.50","48.75","48.00","3.28M","-1.02%"
"Jan 26, 2015","49.00","49.25","49.50","48.25","3.92M","-1.51%"
"Jan 23, 2015","49.75","48.75","50.00","48.50","13.06M","3.11%"
"Jan 22, 2015","48.25","45.25","48.25","45.00","10.76M","7.22%"
"Jan 21, 2015","45.00","44.75","45.00","44.50","1.37M","0.56%"
"Jan 20, 2015","44.75","44.75","45.00","44.25","2.69M","-1.10%"
"Jan 19, 2015","45.25","44.50","45.25","44.50","1.37M","2.26%"
"Jan 16, 2015","44.25","44.75","45.00","44.25","2.22M","-1.67%"
"Jan 15, 2015","45.00","45.50","45.50","44.75","1.77M","1.12%"
"Jan 14, 2015","44.50","45.00","45.50","44.50","2.55M","-1.11%"
"Jan 13, 2015","45.00","44.50","45.50","44.25","1.66M","0.00%"
"Jan 12, 2015","45.00","45.50","45.75","45.00","2.38M","-2.17%"
"Jan 09, 2015","46.00","46.00","46.25","45.00","3.14M","0.55%"
"Jan 08, 2015","45.75","45.25","46.25","45.25","11.03M","3.39%"
"Jan 07, 2015","44.25","43.00","44.75","43.00","12.23M","2.91%"
"Jan 06, 2015","43.00","42.25","43.75","41.75","10.07M","0.58%"
"Jan 05, 2015","42.75","42.00","42.75","42.00","1.97M","1.79%"